date,BTC,ETH,XRP,LTC,DASH,XEM,ETC,XMR,GNT,XLM,REP,DOGE,ZEC,GNO,STRAT,STEEM,FCT,DCR,PIVX,WAVES,LSK,ARDR
1493856000,1611.66,85.78734024,0.066013594,22.88592657,97.63742495,0.057246163,7.177979075,27.36247338,0.240105107,0.00559246,18.36220646,0.000725247,98.05226624,85.09563188,1.125422178,0.300913039,8.064408191,15.81905533,1.6438932,0.7253437,0.587724052,0.053910027
1493942400,1614.335,98.96075342,0.083590266,24.92081226,97.08345939,0.067091763,7.74235066,27.3791216,0.263572475,0.007038501,18.26749199,0.000774881,104.8373525,92.0161264,1.214109067,0.298280678,8.683701685,16.12359054,1.5820483,0.747969836,0.612107402,0.054677526
1494028800,1552.971,92.23080792,0.093644151,26.48301635,99.09220651,0.072352919,7.256552062,28.91361785,0.239499188,0.010995035,17.46275512,0.000823075,104.0056825,86.34500124,1.193970694,0.325922024,8.701032508,15.79550099,1.531244936,0.753144346,0.599524455,0.058500418
1494115200,1586.351,95.97610739,0.102398957,28.58628297,100.693598,0.074082592,7.090909652,29.21176531,0.255688054,0.021923371,17.60218242,0.00122149,109.299568,115.6323605,1.211099671,0.40616931,9.969375269,17.05511342,1.570646125,0.762717561,0.656447907,0.066595015
1494201600,1627,95.55011433,0.14560023,30.92927,107.6398795,0.102501,7.13820218,34.0043,0.24658812,0.04492147,17.55533,0.00135041,105.1226176,107.7074,1.20404508,0.5375608,10.10980379,16.94828003,1.4849629,0.81141744,0.63158513,0.06369705
1494288000,1711.332,89.28019044,0.198001112,28.57434999,99.83655899,0.126809701,6.438048097,30.37809392,0.244754703,0.039822696,17.52378298,0.001471746,105.7207003,113.0493255,1.159204957,1.009908353,10.08044713,17.09624091,1.341958101,0.817178143,0.61587416,0.068949566
1494374400,1764.909,89.384787,0.160606719,34.2392346,92.98458364,0.116978169,6.135264911,28.69749093,0.211630238,0.028485631,17.15131506,0.001253085,94.37222569,101.1187492,1.130936038,0.759193255,8.742035503,15.884181,1.239266152,0.93540177,0.557270017,0.063642619
1494460800,1791.697,88.1514924,0.188576109,32.0713763,92.57519229,0.113736926,6.448622091,30.458849,0.221274579,0.031641369,17.08030125,0.001272105,96.4424986,110.9850581,1.290129342,0.867038012,8.852183617,16.66611466,1.137548425,1.229247478,0.566176252,0.064662345
1494547200,1867.516,89.33630687,0.187218479,31.45864317,90.89295615,0.112741941,6.425861104,30.29297704,0.242609004,0.03735032,18.00759773,0.001232561,95.19453648,113.2274951,1.356320845,0.778716822,9.214099842,15.64978408,1.216107744,1.238723363,0.555604685,0.063383493
1494633600,1738.451,87.49618668,0.211917177,27.88998678,87.96669844,0.13233089,6.118599986,29.5177506,0.228241232,0.04078406,16.8629747,0.001199531,97.87517376,107.8576723,1.278682864,0.758886015,9.01246029,15.97566931,1.250572111,1.129975765,0.595801927,0.061941009
1494720000,1825,90.42875,0.21872625,29.47077525,91.615,0.1297575,6.095354,29.05146325,0.2217375,0.03885425,16.69581175,0.00118625,98.7325,116.7501593,1.28918,0.7550755,8.74403125,19.2102785,1.33225,1.22331575,0.57978425,0.07732525
1494806400,1828,90.68746388,0.22120628,29.2528442,91.4,0.12796,6.76392904,29.0652,0.21393084,0.0394848,17.27507528,0.00124304,96.78607404,112.290841,1.29788,0.78057428,8.94489756,17.45791184,1.244868,1.40132652,0.6089068,0.09052256
1494892800,1775,92.65501775,0.27429075,25.82623225,93.53889675,0.1206645,6.3584405,28.444375,0.21220125,0.0445525,16.16423275,0.001136,95.492586,120.7481735,1.22831775,0.9145865,9.07374675,15.85075,1.13955,1.4592275,0.57632475,0.0848805
1494979200,1799.999,89.2799504,0.352277804,23.88418673,88.3799509,0.10799994,6.093086615,27.05634297,0.204029887,0.051137972,14.67863184,0.001061999,92.3399487,125.99993,1.282283288,0.82799954,8.466889296,15.8408912,1.081529399,1.311047272,0.525113708,0.084329953
1495065600,1850.001,88.04670909,0.386631709,25.78832944,84.1750455,0.122618066,5.793130131,27.33374627,0.196100106,0.049524527,15.85127107,0.001350501,94.31266248,122.3380131,1.291763198,0.867354469,8.985288357,21.73033375,1.173067134,1.373144742,0.579401813,0.086950047
1495152000,1931,97.99392456,0.36507486,28.8721189,91.7225,0.22011469,6.62634236,30.99255,0.24359565,0.04678813,16.10475241,0.00148687,95.52709137,139.2708454,1.43204891,1.0039269,9.26885793,21.78691301,1.18468781,1.42886276,0.62755569,0.12064888
1495238400,1980,124.5347334,0.32472,27.713268,98.7797052,0.21384,7.5209706,32.1731586,0.2574,0.049995,16.929,0.001485,105.0750756,165.331386,1.6632,1.0513008,10.5422526,19.89207,1.1820798,1.5647346,0.6929406,0.127908
1495324800,2072.92817,124.3756695,0.349288397,27.56994466,102.5161237,0.222300817,7.032408817,35.84179869,0.253208176,0.054518011,18.12054306,0.001824177,107.1703657,181.4928006,2.045938645,1.202194692,10.25044324,20.64698645,1.133891709,1.674946691,0.785992174,0.133289281
1495411200,2020.725,146.4499024,0.324730508,25.52933447,100.0480751,0.239213426,8.0424855,34.58309179,0.306018594,0.061773563,16.9651584,0.002950259,117.2184179,209.5072929,2.082761258,1.293264,10.57447413,20.2476645,0.970089451,1.75803075,0.790103475,0.132317073
1495497600,2078,155.5915591,0.29343438,23.897,116.8128998,0.25391082,8.34715976,35.62820354,0.30687904,0.04985122,19.71259374,0.0032209,194.723333,218.381176,1.92192142,1.11081568,11.27362794,19.74299488,0.87371588,1.86934802,0.81303828,0.12495014
1495584000,2176.76,162.277458,0.309252293,29.77590004,128.4327582,0.251023963,10.40415093,54.01834555,0.397236932,0.05333062,28.18566802,0.003308675,226.3127307,225.9429862,2.8733232,1.185964151,13.38689986,21.57508735,0.93383004,2.496047157,0.94036032,0.141859449
1495670400,2337.682,179.9476538,0.280685478,32.75052741,137.7262415,0.249173524,19.4027606,43.9484216,0.433195851,0.049231583,25.48447409,0.003319508,224.0408714,254.6085649,2.917333629,1.176274829,14.6105125,23.37677325,0.887898377,2.668908163,1.517038734,0.145216806
1495756800,2037.6279,152.4145669,0.216131191,24.47209447,106.2215628,0.184262691,14.11055283,35.65620611,0.35145006,0.035556607,20.83621237,0.002567411,196.6310924,199.7959564,2.390769191,0.961903003,10.90139077,19.45934644,1.185899438,2.081498029,0.984072394,0.110052283
1495843200,1871.999,136.18701,0.227635078,21.25177505,95.471949,0.157135596,12.26159345,32.62682721,0.309291675,0.034538382,18.69786297,0.002115359,167.281007,169.4942152,2.52791001,0.80518421,10.07953526,17.85673638,0.997775467,2.09662016,0.886260487,0.088377073
1495929600,1720,130.7544,0.1775384,19.24594,84.6414408,0.1633484,12.9334712,28.4659828,0.2753548,0.0275372,17.6884456,0.0019264,156.3478108,159.7366408,2.26008,0.688086,10.019,16.095416,0.90472,1.943428,0.8530684,0.0709156
1496016000,2028,159.6035797,0.2131428,22.55776848,102.3123769,0.18923268,15.00691608,34.36257396,0.45127056,0.03332004,19.16269368,0.00227136,182.52,196.6206637,2.94053916,0.88645908,11.68205064,18.77928,1.25287812,2.33639796,0.97309524,0.0842634
1496102400,2208.97,189.9713758,0.225359119,24.92679062,114.4044118,0.199138645,15.9438374,40.01637514,0.446697913,0.036138749,20.51028645,0.002562405,198.8514794,216.0777343,3.644756321,0.94099913,12.55878968,20.2907811,1.61257019,2.61539839,1.01391723,0.097879461
1496188800,2148,225.4705122,0.1989048,23.7354,119.291328,0.17873508,17.44150224,39.3378276,0.41314632,0.0303942,20.10528,0.00234132,224.3482252,254.5163482,5.8585626,0.91399548,11.3844,19.72942296,1.69696296,2.30076576,1.07404296,0.088068
1496275200,2152.111,213.3002622,0.232212777,24.25536703,129.0397147,0.187190615,15.69995104,39.59886392,0.409546723,0.032303186,20.76008051,0.00232428,217.3632325,244.2400645,4.854925684,0.90369293,11.62555298,20.68178671,1.4215554,2.777987921,1.125381884,0.09131407
1496361600,2286.084,209.2909902,0.320851889,26.11112565,131.1180735,0.217223702,15.33729183,41.71767246,0.436642044,0.041012347,22.42152324,0.002537553,234.6675056,239.0260619,5.71521,0.960132419,12.30128084,23.96899636,1.586336548,3.264093596,1.297558418,0.115241494
1496448000,2394.9,213.7604637,0.280849923,26.88562638,140.466034,0.215325459,15.97889254,42.65764746,0.460635066,0.039012921,23.6735386,0.002825982,228.9016681,247.3993488,8.351183943,1.269297,14.1000456,29.72284046,1.598691546,4.407597909,1.3291695,0.128749824
1496534400,2452.569,216.0634316,0.282535949,26.24744249,139.6470961,0.20741376,15.24519343,41.072658,0.441020958,0.037941242,25.26739592,0.00318834,216.9637942,255.4879142,8.981086947,1.248480249,15.39386816,34.335966,1.580435464,5.018201431,1.294956432,0.130354042
1496620800,2487.211,241.9558861,0.288516476,27.4458262,142.5077886,0.211412935,17.04505596,42.06836352,0.473167021,0.039422294,28.6029265,0.003109014,232.0248008,262.2796582,10.37977818,1.278774664,17.35416654,31.68706814,1.601515163,5.31036959,1.393236114,0.133662719
1496707200,2629.4,241.6387047,0.28213462,29.91815461,141.5008981,0.228652624,16.709837,47.32917371,0.501479168,0.040334996,27.91686568,0.00368116,246.1096313,253.4755273,10.21374654,1.6538926,24.18088269,34.30288946,1.511905,5.517743312,1.731170666,0.158473938
1496793600,2840,261.5442052,0.279882,29.6128504,144.84,0.2319996,17.035882,54.5012472,0.5217932,0.0441904,33.938,0.0036636,255.4549044,264.688,10.50516,2.598884,32.5347844,34.3639716,1.4579708,5.44712,2.0541436,0.1538712
1496880000,2621.003,248.0389596,0.266896735,27.73941146,137.0993725,0.203625723,16.56576115,51.65679772,0.513585538,0.046103443,33.28679052,0.003197624,259.0605918,243.6484389,9.268626699,2.07059237,27.2584312,32.10731296,1.49397171,5.1455793,2.225467437,0.136003846
1496966400,2787,256.557285,0.28421826,29.79130206,143.3253211,0.2159925,17.03994096,55.63367595,0.52955787,0.05011026,35.42480451,0.00340014,269.4148308,257.8349851,9.32240352,2.35086237,27.84681216,34.20805605,1.60227417,5.79565011,3.12578772,0.1527276
1497052800,2802.001,278.2041226,0.28025614,29.49635631,148.0325148,0.213316336,17.07920482,55.22743971,0.53294059,0.046737377,34.18438418,0.003334381,277.9620858,256.7075352,8.57415108,2.5227816,31.71865132,42.22615507,1.621770159,6.30455829,3.815849022,0.182662445
1497139200,2781.591,324.2096185,0.249230554,28.52299043,146.3116866,0.186644756,18.9148188,50.3467971,0.560434955,0.041000651,32.43335106,0.00305975,312.9336049,245.8961214,6.777568999,2.150448002,23.77453644,39.58203993,1.440140924,5.424130266,3.47698875,0.167396146
1497225600,2937.131348,334.7268845,0.270216084,33.18931989,184.9314235,0.213000765,21.55854409,58.13458202,0.56105083,0.044996852,33.46567458,0.003465815,324.4646063,267.6116709,8.587555263,2.401310476,27.17569031,40.54750946,1.656130882,6.253622581,3.847230867,0.179194384
1497312000,2599,391.955164,0.2409273,28.32561734,166.858399,0.19463911,19.09971313,49.52394499,0.49773449,0.03875109,31.0858593,0.00306682,302.6895981,265.0970643,7.280916569,2.0498313,24.80714312,33.05928,1.37858757,5.238804299,3.2989107,0.17727779
1497398400,2681.887,384.2178592,0.260143039,30.09672593,179.6934824,0.205513001,20.02253924,51.65282179,0.568077304,0.040952414,32.94810819,0.003164627,362.0547182,268.1344186,9.285148715,2.346624306,30.32345266,36.22456954,1.501803082,5.819238869,3.607138015,0.197547796
1497484800,2390,335.7949522,0.253818,28.1542717,156.5362287,0.1933749,17.2765691,45.4200619,0.48995,0.0382161,29.9970095,0.0027963,372.7524065,240.7843023,7.8631,1.93112,26.2926529,30.4321329,1.3546281,4.9473,3.2277189,0.211993
1497571200,2380,338.9120714,0.2424982,28.6094326,158.154689,0.189567,16.7687898,45.458,0.4973486,0.0361998,28.0835478,0.0027846,383.1793336,233.0245148,7.7835996,1.9992,26.4622442,30.0419308,1.396584,5.2359286,3.0227428,0.2110346
1497657600,2431.99,346.3154003,0.245752589,33.31823868,159.295345,0.184709641,16.89080287,47.46838338,0.533359727,0.03647985,28.36023795,0.002967028,374.2583088,233.5464074,7.840370961,2.016946587,27.44259948,31.69858198,1.677562382,5.003138468,3.026587235,0.206597551
1497744000,2612,365.0735458,0.25657676,45.6576294,179.1628264,0.20026204,21.57754916,52.211268,0.622962,0.039833,31.12077848,0.00321276,393.3364568,250.0455846,8.091976,2.13275024,35.7832246,33.4336,1.71676312,5.399004,3.23086116,0.20141132
1497830400,2519.836,354.7399418,0.265918293,43.5931628,189.7436508,0.194732926,20.27066951,50.14241815,0.574245426,0.038351904,30.11377888,0.002998605,373.067213,240.644338,7.500443043,2.013323765,31.62494973,42.83028245,1.763759208,5.048793806,3.138178556,0.211389042
1497916800,2585,357.296115,0.27951605,47.40882245,196.4218713,0.19741645,21.449813,50.46325845,0.70154315,0.04136,32.64686975,0.0029986,398.0900517,244.900496,7.92666985,2.1717102,34.71662755,41.3970689,1.83620305,5.29927585,3.2232365,0.28435
1498003200,2678,361.2617715,0.30049838,45.09752,187.3353659,0.20642024,20.45595656,50.77488,0.6772662,0.04078594,31.08137682,0.00310648,409.5515211,240.4844,7.54772876,2.16918,34.40153444,38.2954,1.85724656,5.4100956,3.35641774,0.27859234
1498089600,2630,329.276,0.2708637,43.658,178.5893347,0.1917533,19.092222,48.655,0.6290697,0.0386347,29.2418917,0.0029456,381.3527878,228.2963347,7.2982763,2.0776737,31.3562539,38.661,1.7499231,5.1285,3.1549743,0.26826
1498176000,2670,319.1985,0.275277,45.5394933,180.1043961,0.1895166,19.3306131,49.7394567,0.6016845,0.0392757,30.4412574,0.0030171,376.7904,223.7460267,7.6359063,2.1626733,34.1494068,45.4504755,1.7712513,5.2128813,3.3026298,0.2740488
1498262400,2668.469,322.8849892,0.29096986,45.12381079,184.3619615,0.192129768,19.61327383,50.70123122,0.635976217,0.039946981,31.03429447,0.00301537,374.0967519,229.4328032,8.538833953,2.188117895,32.66304789,46.70925496,1.89637418,5.176563013,3.317280553,0.263884899
1498348800,2515.02,297.6528936,0.272376666,41.48019971,174.542388,0.1760514,18.23263749,46.85854483,0.608383338,0.036216288,28.44993139,0.002791672,349.3443261,211.0135481,7.511207831,2.012091451,30.35953578,42.19335878,1.919488414,4.796470092,3.153080574,0.245818055
1498435200,2489.19,277.9276469,0.25638657,40.58499835,166.766744,0.16926492,18.53784425,45.05682819,0.54460988,0.032110551,26.95063437,0.002613649,314.6385944,199.7845799,6.999204009,1.927504276,27.61253489,38.20595501,1.768171225,4.54919386,2.939584039,0.245832404
1498521600,2398.5,252.151187,0.244647,37.75517226,160.93935,0.154055655,17.52830996,43.05916719,0.49145265,0.02916576,24.33340611,0.00254241,298.5256808,191.4543142,6.45206094,1.782445275,25.08238571,34.36786665,1.67895,3.8356812,2.719899,0.220254255
1498608000,2510,280.4441574,0.2578272,39.2815,173.943502,0.1626229,18.0218,43.3036244,0.5447202,0.028865,25.578908,0.0025602,321.663528,200.047,6.6676895,1.8401061,26.2924006,36.3399808,1.8071247,4.2710913,2.7174013,0.2155337
1498694400,2512.51,310.5234224,0.262708046,41.4253855,178.3823056,0.166730164,18.37649814,46.5065601,0.561194234,0.031456625,27.5119845,0.002663261,331.2884633,211.5737436,6.85412728,1.896342048,26.58238093,35.51684136,1.829961533,4.154008158,2.847176332,0.225824399
1498780800,2465.57,285.513006,0.249392406,39.00083006,172.5567874,0.158240283,17.47485065,43.92516509,0.500190186,0.028230777,26.33115344,0.002514881,311.629359,252.720925,6.4351377,1.71357115,24.54376312,33.3059551,1.814930733,3.83396135,2.603863821,0.205875095
1498867200,2418,276.8610242,0.24504012,39.0308724,174.9903215,0.155961,17.15612106,42.88405212,0.46863258,0.02625948,27.4655784,0.00244218,291.369,331.0215644,6.16556148,1.63679256,23.45232708,32.00223,2.18347818,3.5277411,2.45427,0.20877012
1498953600,2342.6,254.2502257,0.231003786,37.10809586,159.6559909,0.13961896,16.09270153,39.90342673,0.435934434,0.023613408,24.15187804,0.002202044,272.21012,293.691762,5.431950602,1.550941756,21.11078499,28.51721943,2.108152592,3.5923771,2.20450373,0.1780376
1499040000,2438,275.5561934,0.24555536,40.34887562,168.9541802,0.15544688,16.99286,41.700771,0.460782,0.02520892,25.37916554,0.00234048,289.1468,314.5020244,5.72196162,1.60398458,23.55381056,29.06147198,2.30286166,3.53507562,2.517235,0.18348388
1499126400,2533.094313,274.8407076,0.250751006,45.48170839,177.3166779,0.173288982,17.20034366,43.56922218,0.460997834,0.02604021,28.61226284,0.002482432,288.0128487,328.5423577,5.914800551,1.647676527,23.52499887,31.97291906,2.427945568,3.774969131,2.426451042,0.19096998
1499212800,2589.999988,267.4458852,0.247111899,54.73677485,182.3359992,0.186738999,17.39112472,45.3249998,0.481429198,0.0257446,27.38821388,0.0024605,281.0149987,315.9800245,6.313099072,1.864515092,24.86617549,36.25999984,2.443690889,4.299399981,2.528280289,0.189069999
1499299200,2609.99,266.0884805,0.251446437,52.9828231,209.4201166,0.174242932,17.44778315,46.1446232,0.46202043,0.025499602,27.25281088,0.00268829,281.883096,339.2987,6.00819698,1.8269669,26.36486618,37.05475883,2.633662609,4.556885941,2.456548688,0.18016761
1499385600,2587.000512,264.6505663,0.249128149,50.70580504,208.4352262,0.168439603,17.33316213,50.13684601,0.428070975,0.025326735,27.5718634,0.002587001,284.5699787,328.5490391,6.211103658,1.853870437,25.71108567,35.00291889,2.768012937,4.311520923,2.497645514,0.166809793
1499472000,2475.26,238.8626395,0.229134818,45.544784,189.35739,0.15480276,15.9282981,43.65299229,0.33730368,0.020222874,22.86016472,0.002351497,247.0557254,282.9225398,4.84655908,1.507829382,22.24488934,29.52742605,2.473849102,3.738855477,2.250432134,0.132451163
1499558400,2555.55,246.0732195,0.230536165,51.34585504,209.0165178,0.15770299,16.304409,46.27020052,0.383306944,0.021619953,23.15410078,0.002402217,251.4655322,299.1735363,4.973483632,1.692336321,23.40600134,36.93825192,2.402012556,3.928468126,2.225091829,0.151927447
1499644800,2468.157,234.4749644,0.223121393,47.78598768,194.2669344,0.150557577,15.45066282,44.426826,0.339075409,0.01917758,21.90489338,0.002270704,238.1771505,267.5694203,4.232642439,1.511844889,20.48856616,32.95132748,2.232645459,3.670470319,2.02309893,0.134292422
1499731200,2312,203.1920852,0.1858848,44.23605088,170.9430145,0.13113664,14.10324624,39.48091424,0.2522392,0.01463496,15.73433912,0.00187272,195.2324934,226.7938135,2.99605144,1.21271336,15.4968736,24.3016632,1.68773688,2.767464,1.59528,0.1010344
1499817600,2275.2,188.6302112,0.173779776,43.194672,161.6019045,0.114374304,13.78773475,36.38761488,0.2752992,0.014197248,16.4224391,0.001729152,176.325702,197.3039106,2.934825984,1.120740768,14.38768224,25.21729296,1.626745248,2.548224,1.42120368,0.092213856
1499904000,2380.5,224.0089302,0.196367445,47.12125955,180.7888579,0.132903315,18.91169181,40.0481037,0.30941739,0.017925165,21.40802694,0.0019044,214.7234805,221.0961504,4.33251,1.361622195,17.96829966,28.0899,1.874429505,3.031447725,1.7496675,0.10988388
1499990400,2339,205.1303,0.19053494,45.481855,169.78801,0.12230631,17.57573719,38.2414805,0.28860921,0.0173086,20.15251993,0.00180103,193.554589,203.9109559,3.67651037,1.16124333,16.87165141,25.66849007,1.81097075,2.867614,1.7584602,0.102916
1500076800,2197,195.7528099,0.18193357,42.1608694,159.2078899,0.11617736,16.80817047,35.22300704,0.25606035,0.01621386,19.28177277,0.00164775,175.1281208,179.4949,3.242772,1.0596131,14.81716119,22.13332498,1.61334498,2.43693437,1.544491,0.09023079
1500163200,1980.125,170.6724389,0.172468888,38.42064259,138.5263966,0.110807795,14.80289967,32.0161659,0.21195258,0.017524106,18.11814375,0.001465293,158.6662084,164.7855471,3.164516968,0.947489813,13.0292819,19.64862197,1.472480354,1.983352604,1.389315104,0.075799185
1500249600,1918.33,156.0177789,0.14765386,40.74540593,132.0877056,0.097201781,13.91942166,29.48854958,0.196034143,0.015480923,16.05344869,0.001285281,165.6286122,155.3881063,2.86964903,0.94765502,13.31604933,18.65144301,1.350753703,1.92989753,1.410586416,0.07278144
1500336000,2210,189.1752044,0.1710319,41.9909061,152.306349,0.1338818,15.04789,34.8435451,0.2526914,0.018564,18.1124528,0.0015249,179.0696921,184.7109823,3.8824838,1.1271,15.8415452,24.6695891,1.6673566,2.5143833,1.7781881,0.0923559
1500422400,2295.88,226.9706738,0.17678276,43.2888174,156.7091465,0.131094748,15.61255797,36.31873235,0.266827174,0.018665504,19.36971967,0.001836704,199.5808484,197.4414785,4.198154333,1.312325008,15.99305416,24.910298,1.697550713,2.824437494,1.7567385,0.09814887
1500508800,2247.999987,193.6398414,0.162215679,39.8785756,154.4695881,0.126584879,14.18487992,34.80740235,0.235365599,0.01712976,16.65898374,0.00166352,180.5375758,206.512766,3.863907337,1.125888313,14.54134527,23.04197738,1.803075829,2.594574145,1.61410895,0.098687199
1500595200,2850,226.575285,0.1909785,44.757084,191.596494,0.1540995,16.065222,41.043135,0.2821215,0.0190665,19.92606,0.001938,211.186026,229.425,5.4149715,1.3713915,16.074,26.7191205,2.1673395,3.273852,1.99215,0.1289625
1500681600,2678.97,217.4320098,0.184554243,45.6764385,186.7127698,0.143566002,15.98552115,40.61436395,0.275666013,0.019181425,20.48187761,0.001902069,203.0929836,223.054123,6.2875158,1.423363551,17.19416525,26.80022835,2.085738883,3.271638533,1.875814794,0.128778088
1500768000,2850.000011,234.5533764,0.197932501,47.02500017,198.9236167,0.179065501,16.81508556,44.80205717,0.331882501,0.023085,21.39386708,0.002109,218.8302683,236.5500009,6.801297025,1.795101007,21.72500858,30.22966511,2.362650009,3.904528514,2.368378509,0.168948001
1500854400,2748,228.9084,0.196482,44.93950044,193.2329022,0.16740816,16.07577252,42.75940212,0.306402,0.02195652,21.04346952,0.00203352,212.4833017,233.5796977,6.156894,1.60758,22.60584492,28.30695564,2.26690764,3.65775288,2.11596,0.14795232
1500940800,2771.899989,225.9376236,0.193145991,44.99766619,206.5062997,0.171220262,15.96614394,46.01353982,0.301721314,0.022757299,21.44169974,0.001995768,211.4252026,224.5238991,5.793326415,1.552153118,22.93203949,28.35725758,2.203660491,3.53239847,2.231324053,0.139592883
1501027200,2547,202.4865,0.17383275,41.90948415,193.1123939,0.15799041,14.57788185,40.63794534,0.24958053,0.01854216,18.08866665,0.00175743,183.9117893,200.327077,4.78695915,1.30403853,18.5508198,25.71657507,1.88016993,2.88493596,2.03754906,0.10992852
1501113600,2520.000012,202.194217,0.172972801,41.9328002,192.5826345,0.155937601,14.59097647,45.96480022,0.249706801,0.0189,18.18893169,0.001764,188.8464825,194.1276717,5.069635224,1.229583606,18.39600009,25.61650572,2.02305601,2.727320413,1.940425209,0.112467601
1501200000,2666.999989,203.2267326,0.172448219,41.92929366,193.1348847,0.171968159,14.50181244,45.38833931,0.247310909,0.01834896,17.92309336,0.00184023,186.6603422,207.464889,4.995317649,1.502134404,17.80811899,25.21024411,2.26614989,2.745623148,1.972593202,0.1154811
1501286400,2774,190.5166001,0.16097522,40.20064156,182.5112245,0.16410984,13.77604462,43.79763188,0.2287163,0.01689366,17.16942334,0.00171988,175.6975315,186.412911,4.58009592,1.39057846,17.57068244,23.0242,1.94057944,2.95935868,1.808648,0.10507912
1501372800,2730.001,207.2103519,0.170679663,41.32552664,185.7221591,0.171471363,14.36881426,43.9530707,0.248430091,0.017526606,17.70121728,0.001774501,184.1404785,196.3165559,5.255060825,1.378841605,18.5569907,30.50587747,1.996204031,2.907123465,1.893201093,0.10925464
1501459200,2746.999989,194.4298848,0.161111549,39.97376697,170.9365519,0.161963119,13.62009294,39.85570091,0.233440059,0.0159326,16.93805687,0.00170314,174.0253886,179.12209,4.834747451,1.285843225,17.09370189,26.37180423,1.939327052,2.737440429,1.806921653,0.10444094
1501545600,2858.250011,200.926401,0.163720561,41.98746399,178.6397682,0.165521258,13.74818255,39.82688423,0.232147066,0.016063365,16.29614094,0.001686368,171.8311022,188.6562481,4.971154166,1.27335038,16.06908156,28.89556423,1.920744007,2.74437733,1.900707674,0.107441618
1501632000,2738.979978,225.9674642,0.178006309,43.21496874,185.1249177,0.182196948,14.65340593,44.15241203,0.259107506,0.017995098,17.87644584,0.001780337,189.3911256,192.1090976,5.864320472,1.331281218,19.25286545,29.30708577,2.026708235,2.973272325,2.055768812,0.132374902
1501718400,2690.000011,216.5450009,0.170357701,41.69500017,181.8685874,0.220042001,14.41562936,43.40675478,0.249632001,0.0183727,17.15603997,0.0017754,188.4850728,197.930416,5.549577623,1.253378605,19.68620018,29.01178462,1.963162008,3.551633915,2.098630409,0.148649401
1501804800,2790.9,224.1092979,0.174291705,42.34827933,186.934482,0.229300344,15.32952061,43.48356163,0.289583784,0.018894393,17.48451405,0.001758267,189.1769143,199.4801078,6.00071409,1.27683675,18.81150327,28.7909244,2.030435568,3.827803077,2.0792205,0.145182618
1501891200,2863,220.1647573,0.17278205,42.92258271,186.4183759,0.22603385,14.847518,45.106565,0.29142477,0.0226177,17.28332977,0.00177506,186.3814432,199.8342507,6.63388593,1.29261587,18.74552113,28.644315,2.072812,3.66464,2.08563824,0.14091686
1501977600,3245.000009,252.5138942,0.182920651,45.93313738,191.2772719,0.229064551,15.57603249,48.38677924,0.305679001,0.02385075,18.958945,0.00204435,204.0545568,210.8697383,7.04979497,1.333078454,21.48190006,30.66521764,2.110450656,4.288170162,2.173436106,0.14151445
1502064000,3238,265.516,0.1810042,45.47887568,190.3697912,0.25246686,15.44526,47.9249904,0.3233143,0.02279552,18.92371388,0.00197518,207.8981537,210.4700324,6.80666456,1.39075338,20.47866624,30.76355802,1.946038,5.20417836,2.17405796,0.13641694
1502150400,3405,269.676,0.17913705,46.0356,196.8245268,0.28571355,15.2544,50.39403405,0.30825465,0.02223465,18.8703738,0.00194085,209.587965,207.7031273,7.67449545,1.32839265,21.12962535,30.6839532,1.9988712,5.61916935,2.1537987,0.15005835
1502236800,3410,295.8399719,0.1941313,48.830859,203.918,0.2753916,15.8942487,52.0360885,0.3036946,0.0236995,21.3125,0.0019778,245.5203069,208.3610254,7.80549,1.3742641,20.7669,31.3138595,1.9778,5.3367523,2.379157,0.13981
1502323200,3330,294.4091295,0.1831167,47.3862663,197.469,0.2793537,15.2415099,50.9653503,0.3012318,0.0230103,22.7106,0.0019314,240.6649275,216.5065767,7.4888037,1.3054266,20.646,29.3640732,1.9647,5.2283331,2.26107,0.1408257
1502409600,3420,297.1589094,0.1808838,46.73088,200.07,0.2950434,15.1949574,49.452516,0.2822184,0.0219222,22.5820548,0.0019152,232.8335316,218.835711,7.9959258,1.2306186,19.5936246,28.384803,2.1546,5.6323638,2.1819258,0.1375182
1502496000,3625.3,306.33785,0.177132158,46.693864,205.518257,0.292235433,14.95439875,50.53055524,0.336174069,0.021208005,22.27717848,0.00181265,235.0181569,205.1997744,7.551463647,1.13073107,19.09702906,26.54890572,2.07330907,5.528981283,2.201825955,0.139791568
1502582400,3869.5,309.1723535,0.17219275,46.05130645,204.3924073,0.27837183,14.60024262,49.14265,0.30956,0.0201214,22.75366607,0.00185736,222.1599905,201.7121207,6.794648525,1.470371305,19.84291209,26.273905,2.04425685,5.027912215,2.391312305,0.13759942
1502668800,4031.5,293.9367053,0.1644852,44.67756678,196.1308624,0.2564034,14.13185884,47.289495,0.275714285,0.018101435,20.4445428,0.00177386,214.1910552,183.8387383,6.44145007,1.314269,17.072314,25.55063913,1.892587675,4.75620244,2.239780455,0.13763541
1502755200,4320,299.7985392,0.1679616,45.6646896,198.7634592,0.2565648,13.9692384,50.10336,0.2646864,0.0175824,20.1222144,0.001728,210.384,177.2017776,6.048,1.2142656,17.1971424,23.3713296,1.7572896,4.7094912,2.27664,0.132624
1502841600,4164,287.320164,0.158232,42.9512436,203.6196,0.25058952,13.57122552,49.05192,0.26728716,0.01736388,20.99851068,0.00170724,213.32172,176.97,6.12108,1.18482456,18.01479648,30.12645672,1.92476736,4.759452,2.1869328,0.12920892
1502928000,4364.1,298.9801269,0.15928965,43.6366359,230.724861,0.254776158,14.0174892,48.77217786,0.267432048,0.0174564,21.3186285,0.001701999,215.6896637,183.0355473,6.002601345,1.178307,19.31445922,26.02906348,1.891444581,4.7830536,2.219493978,0.128217258
1503014400,4254,297.9495219,0.15620688,43.43334,232.2685702,0.242478,13.77968442,47.34370188,0.2477955,0.01718616,20.2239414,0.0017016,205.0119585,175.1473896,6.087474,1.16670204,19.70873946,23.97733068,1.68215922,4.52212962,2.08343904,0.11957994
1503100800,4070,290.191,0.156288,46.3840806,221.5833356,0.2415138,13.4421111,46.398,0.23199,0.0166463,18.9659558,0.001628,196.8609753,151.4273211,5.547003,1.0583221,21.5763317,23.7442579,1.6755783,4.2612493,2.0314998,0.1126983
1503187200,4154,292.4416415,0.15232718,44.94661232,284.5660729,0.2565095,13.5011231,56.07908308,0.25189856,0.01644984,19.64842,0.00162006,232.6236261,164.5779076,5.60773384,1.20357996,20.79542248,27.03032724,1.88167892,4.45666044,3.04081108,0.12694624
1503273600,4072.8827,299.5604819,0.158475866,45.85947807,292.8402254,0.270317225,13.83489014,54.94506115,0.272312937,0.017757769,20.66222268,0.001669882,242.0065357,169.7354315,5.725862144,1.588424253,22.5344454,26.27009342,1.995712523,4.863021944,3.644008152,0.138315096
1503360000,3985,320.7524508,0.19925,48.01913045,279.3227968,0.2530475,14.54600715,77.3494876,0.28074325,0.01996485,22.0085174,0.00171355,236.7892978,174.893162,5.4196,1.25674945,23.91,27.3542355,1.87295,4.3440485,2.72574,0.1327005
1503446400,4057,312.279461,0.24114808,45.92524,290.8604484,0.25226426,14.40247171,89.98421943,0.28321917,0.02158324,21.09104476,0.00166337,225.9749,165.1538165,5.63923,1.26018534,23.68074957,25.76474933,1.91141498,4.46257829,2.90870672,0.13095996
1503532800,4132,316.1296098,0.2450276,54.78982416,292.71088,0.2501926,15.24720396,90.0776,0.28068676,0.02012284,22.151652,0.00173544,227.5153576,159.0811736,5.91272672,1.29831572,23.90647108,26.22472968,2.057736,4.6170968,3.05768,0.13813276
1503619200,4307.36,324.1286677,0.21597103,49.62479304,312.2836,0.267099394,15.10703143,86.0140595,0.314049618,0.018866237,22.86346688,0.001809091,227.0925908,155.0929148,5.995888194,1.343724026,26.7748082,31.03995607,2.14506528,5.041807954,3.700883712,0.13830933
1503705600,4365,330.0813437,0.21733335,51.2702424,318.3369183,0.27390375,15.1903746,108.5936049,0.2900106,0.02055915,25.5775032,0.001746,238.6782,159.6848387,6.0303348,1.4805207,28.50345,34.75260225,2.45313,5.31058995,4.3407306,0.13221585
1503792000,4331.88,331.2588636,0.209446398,51.3760968,396.36702,0.270785819,15.30591824,137.3282201,0.295477535,0.021226212,29.43516792,0.001776071,300.199284,176.740704,6.269616562,1.6027956,31.57680607,38.19791138,3.15794052,5.317512656,5.748188166,0.140829419
1503878400,4343,348.9089329,0.20181921,60.58485,365.6785588,0.273609,16.0691,130.50715,0.31378175,0.01980408,28.01235,0.0017372,273.4791009,210.6888755,6.87258035,1.54497882,28.91191559,40.7703468,2.95219768,5.2063884,6.8528197,0.14153837
1503964800,4384,348.3526838,0.2255568,62.23079232,356.4192,0.27978688,15.84228544,149.056,0.30736224,0.02042944,26.40294688,0.00184128,276.192,196.8415562,7.2086112,1.565088,30.98839168,39.76288,3.09072,5.22414976,6.3568,0.14896832
1504051200,4599,374.3586,0.22070601,63.74926845,362.8611,0.28440216,15.91254,133.371,0.32574717,0.02000565,25.1436528,0.00188559,270.5244935,181.200646,6.92572608,1.49320332,29.66332005,35.32041198,2.9415204,5.46329007,6.08659254,0.13902777
1504137600,4575,383.385,0.23172375,65.74275,372.3409043,0.295545,15.98811525,132.9635453,0.33118425,0.0211365,25.459143,0.00205875,273.5850458,178.8959963,7.2743415,1.500966,30.3253875,38.2478235,2.81357925,5.4395835,5.99325,0.1413675
1504224000,4710.01,387.3979928,0.259474451,72.35074621,381.0215813,0.337283816,16.80531568,140.7832822,0.33445781,0.022419648,26.3289559,0.002119505,287.6989503,175.2124191,7.219503328,1.542528275,29.4355843,37.75054175,3.2969599,5.934329999,7.19218527,0.142854603
1504310400,4890,388.2672714,0.2523729,87.1887,396.09,0.3334002,22.3962,142.5437445,0.3783882,0.0240588,28.6554,0.0025428,307.0258872,186.8416677,7.1883,1.576536,32.6659824,40.6404477,3.9844209,5.6729379,7.3392054,0.149145
1504396800,4520,344.8511852,0.2238304,78.1507548,347.6170636,0.2907264,19.90043,123.440748,0.3287396,0.020566,24.2363756,0.0022148,250.8936288,169.234224,6.1924,1.3305976,26.7897688,35.53172,3.3302004,5.1344488,6.61276,0.1391256
1504483200,4596,350.72076,0.22947828,78.63756,355.500646,0.31023,19.24216512,126.39,0.35844204,0.02132544,25.03036752,0.00220608,263.5804162,171.3814849,6.57228,1.38380964,27.44556552,36.35436,3.6069408,5.13837396,7.1865354,0.143625
1504569600,4170.945,293.7804694,0.200914421,65.83836683,311.1087855,0.270193817,16.38338854,105.3773822,0.296137095,0.017392841,21.4302737,0.001835216,217.6816196,139.820754,5.609921025,1.127573271,23.56875891,31.13568733,3.041453094,4.52735225,5.856298746,0.12208356
1504656000,4395,316.44,0.21654165,73.37122875,326.9880879,0.2893668,17.07514635,119.5408795,0.346326,0.01867875,22.64712735,0.00197775,229.5069,143.5633342,5.9861658,1.3208733,25.27125,33.8964375,3.5952858,4.93888125,6.15743895,0.1341354
1504742400,4585.1,335.522854,0.23063053,80.73343208,348.00909,0.301562027,19.32472927,121.96366,0.45759298,0.020403695,23.61000958,0.002063295,248.5971526,159.9128362,6.168380881,1.5451787,26.26299429,34.479952,4.03534651,5.081987287,7.06701463,0.1513083
1504828800,4630,334.34619,0.2277497,80.0990463,345.4135105,0.2955792,18.5523637,122.695,0.403273,0.0203257,23.7066186,0.0019446,250.5333744,154.2348378,6.17642,1.5648474,28.0764589,33.8457167,4.1260245,4.9509053,7.5006463,0.1607999
1504915200,4280.1,302.817075,0.21058092,72.1410855,329.7816622,0.27521043,16.69239,116.6756116,0.356660733,0.018147624,22.08604362,0.001754841,221.28117,139.5773995,5.654568513,1.3525116,26.11066445,31.45847819,3.714998397,4.4555841,7.0407645,0.148819077
1505001600,4320.29,304.2691681,0.211910224,70.89436039,324.7399982,0.274684038,16.20540779,115.9997865,0.338149098,0.017929203,22.05339554,0.001728116,219.0819059,140.3458735,5.736049033,1.396965771,25.0740127,30.70922616,3.710610675,4.394901408,7.117764181,0.140452628
1505088000,4220,296.92764,0.2155154,66.9714,321.154449,0.258264,15.14136,111.83,0.32072,0.0167112,21.4613164,0.0015192,216.2051168,130.234264,5.8066356,1.31453,23.4700364,28.4733528,3.465464,4.372764,6.7758008,0.1361372
1505174400,4194.821495,296.1543975,0.213893948,67.86298318,316.3316567,0.254415924,15.23756324,112.4212161,0.296741673,0.017114872,20.75073323,0.001468188,211.9601353,126.6523997,5.578693106,1.200725705,23.02772429,29.00966558,3.227495658,4.273474398,6.795568874,0.138974436
1505260800,4130,292.9822,0.207326,65.2550325,323.6939951,0.250691,14.9523759,111.107325,0.2879436,0.0162309,21.063,0.0014868,207.8574897,125.727112,5.4847226,1.205547,21.889,27.3115248,3.1055948,4.3529787,7.0484645,0.130095
1505347200,3860,275.604,0.1965898,61.6801752,297.2227406,0.2338002,14.1276,110.1735868,0.2702,0.015247,20.5845308,0.001351,198.5942208,115.8,4.98133,1.2426884,20.3956996,26.2527864,3.13432,3.9210266,6.4382098,0.1191968
1505433600,3213.5,221.7957379,0.16999415,44.71048596,237.1368262,0.16832313,10.17888979,85.55050397,0.2050213,0.01118298,15.71211904,0.00089978,160.8388885,89.3353,3.766222,0.943194385,15.20380761,23.65492699,2.644871175,3.04022808,4.381575115,0.1073309
1505520000,3700.598,259.004484,0.184992894,51.8046714,286.2708601,0.217780192,11.43081417,100.6827989,0.24734797,0.012174967,18.27022239,0.000925149,187.3495828,113.1812726,4.605505229,1.129829575,18.23277233,29.38300716,3.302487667,3.771057386,5.710022714,0.12519123
1505606400,3670,251.4319202,0.1817751,51.63323,299.1049633,0.21286,11.1129068,95.233564,0.2416695,0.0118908,17.5550413,0.0009175,177.0775,110.220009,4.3306,1.1272038,17.971623,30.0087092,3.1194633,3.7104801,5.5279008,0.1136232
1505692800,3664.5,256.3416325,0.18065985,50.50043786,311.4825366,0.20953611,10.99778747,94.07079318,0.24508176,0.01128666,17.47248258,0.00087948,176.6296695,107.2391006,4.429977405,1.0934868,17.42037339,29.26546655,3.2269587,3.59135658,5.463806145,0.1135995
1505779200,4086,297.6447109,0.194085,56.0039418,337.5921845,0.249246,12.14538984,101.5824955,0.2833641,0.0136881,18.83985138,0.00098064,196.20972,119.6311747,5.366961,1.21815918,19.88701146,30.95823276,3.659013,4.33557288,6.6695778,0.13005738
1505865600,3893.461,282.0812105,0.184355378,52.5617235,324.2200221,0.236527756,11.5451631,97.81931416,0.259499176,0.011758252,18.1284995,0.000856561,188.0230186,110.2060489,4.821272756,1.078800174,18.54393179,32.25732439,3.268171163,4.112740724,6.131383448,0.117971868
1505952000,3879.99,283.6657973,0.180885134,51.5650671,342.215118,0.230665406,11.251971,95.61847356,0.270241304,0.012144369,18.4687524,0.000853598,188.7615135,106.5880201,4.728621413,1.123839104,17.62155658,36.0063072,3.170223429,4.0351896,5.98302218,0.12027969
1506038400,3580.153,255.9809395,0.169949863,46.07284576,329.7316259,0.208364905,10.0244284,85.20764141,0.240872694,0.01052565,16.73205986,0.000716031,175.0633955,93.08415702,3.991476779,0.98840864,14.58117554,31.55604137,2.89476851,3.624725905,5.295690715,0.118574667
1506124800,3600,262.152,0.17208,47.484,340.430148,0.20916,10.137096,87.3018,0.240732,0.010656,16.730676,0.000756,195.121836,90.122976,3.9276,1.00152,15.634584,30.9564,2.840868,3.764088,5.74884,0.123084
1506211200,3773.001,285.0596581,0.178161107,49.31063289,351.2663931,0.221663809,10.61699843,92.09891668,0.254903948,0.011884953,17.8841002,0.00094325,203.7828024,95.71269704,4.183729889,1.067042413,17.11810554,36.78675975,2.969351787,3.953501368,5.949569817,0.121792472
1506297600,3656.899,282.9340928,0.1752386,47.47543528,329.12091,0.214038298,10.42216215,89.16543694,0.2476452,0.011446094,17.77252914,0.000914225,205.6380723,90.47840995,3.972087125,1.011278849,16.45023103,33.68000322,2.808498432,4.0225889,5.645557245,0.117752148
1506384000,3931.12,295.6198309,0.185155752,52.43599103,347.90412,0.231975391,11.0380346,94.34688,0.257763538,0.01210785,18.87857482,0.001179336,231.806353,93.00196523,4.225993311,1.09678248,17.36418946,35.10486229,2.966855575,4.206416334,6.121029018,0.140969963
1506470400,3879.3,288.6160407,0.189077082,52.14655922,339.544267,0.229111458,11.521521,93.37478979,0.259098447,0.012374967,18.814605,0.00116379,231.3936502,93.08446298,4.377479706,1.078872123,17.7294872,33.32322579,2.974065345,4.80140961,6.097328568,0.136978083
1506556800,4204,308.5950824,0.20910696,56.7001888,351.3399671,0.24324344,12.98649232,102.3981733,0.27666524,0.0142936,20.8098,0.00113508,285.49364,122.8624465,4.75068816,1.19994772,19.729372,36.52788336,3.224468,5.15910676,6.3160896,0.19006284
1506643200,4196.99,303.022678,0.202504768,54.9446008,342.7513434,0.237339784,13.2624884,98.4613854,0.27272041,0.013892037,22.3972791,0.001091217,313.0582687,126.2655208,4.78041358,1.43125753,19.25788862,34.65660296,3.170909885,4.75107662,5.98071075,0.179211473
1506729600,4182,293.9946,0.19839408,53.11135818,330.800382,0.2379558,12.71328,94.8663699,0.26308962,0.0131733,20.7918585,0.00108732,291.301392,131.733,4.481013,1.65531924,18.35115966,34.29248364,3.05357094,4.968216,5.70981006,0.17903142
1506816000,4367.5,304.4723137,0.20081765,55.685625,328.4760937,0.2363691,13.19849765,96.52175,0.2667669,0.0138013,21.18241868,0.00113555,278.2971,144.2602283,4.45930485,1.468222475,18.71740167,34.94004368,3.224962,5.0252455,5.85253735,0.224707875
1506902400,4413,304.54113,0.20895555,54.92984664,316.7436928,0.24752517,12.9353856,93.5556,0.25842528,0.01381269,20.69798499,0.00105912,264.8772625,134.3467683,4.15214757,1.37928315,17.96995665,33.18606891,3.018492,4.94256,5.51625,0.21195639
1506988800,4397.91204,298.3278334,0.202699766,53.21539538,306.7543648,0.230450591,12.39973708,91.31147282,0.25397942,0.01301782,19.21104733,0.001099478,257.2778104,122.3047024,3.892767863,1.293206035,17.10638255,34.08386229,2.789903461,4.890478189,5.417348051,0.199797144
1507075200,4308,292.0780058,0.2029068,52.05240084,294.6672431,0.221862,12.2709072,92.92127676,0.2459868,0.01240704,19.52756088,0.00103392,252.4727094,111.9890879,3.78513804,1.22373048,16.6700214,31.5561,3.48948,4.7388,5.7373944,0.18580404
1507161600,4209,291.8057189,0.2129754,51.01627884,302.4482175,0.21819456,11.79921597,90.14697303,0.24618441,0.0117852,18.81423,0.00101016,235.8622584,115.0175752,3.6226863,1.17603669,16.91298261,30.88332705,3.28015788,4.8630786,5.52254472,0.1696227
1507248000,4336.753725,296.091904,0.239258703,51.69419114,307.4957882,0.211330009,11.95482542,91.85521942,0.232016324,0.014744963,18.97767767,0.000954086,256.9015713,122.9659197,3.559867663,1.168885232,18.33644526,30.44405452,3.441517654,4.947585487,5.407975263,0.195500858
1507334400,4373.327663,309.9814647,0.234760229,52.08633246,306.1328926,0.211100526,12.33278401,91.04393528,0.2315677,0.018455443,19.83483401,0.001049599,258.0263758,124.9200375,3.67363897,1.196629915,17.70366771,30.60012992,3.664804848,4.968100225,5.335416015,0.194569348
1507420800,4430.0001,311.5438769,0.239707305,52.42497558,310.986007,0.209317505,12.34583438,91.26517866,0.219373605,0.0207324,19.98373045,0.0010632,253.39605,121.3828444,3.874743887,1.213244127,18.38450042,29.77026517,3.55418908,4.970371512,5.140705016,0.203159805
1507507200,4628.99,310.14233,0.2823221,53.41081419,300.8843963,0.194741609,12.14267399,89.95224641,0.195621117,0.01874741,19.09097314,0.001018378,243.3042971,112.5526883,3.532660008,1.104338144,16.63696038,27.25928889,3.271122073,4.423925743,4.721245771,0.173633415
1507593600,4775.3,296.8517014,0.249700437,50.03205968,282.7335748,0.19339965,11.412967,85.79824488,0.193304144,0.017573104,17.90374577,0.001002813,229.2143522,104.4374824,3.356749382,1.062695262,15.50616315,26.48314526,3.372173601,4.097111894,4.716325045,0.185424899
1507680000,4777.6608,300.0373371,0.259092545,50.7387577,291.437261,0.211315937,11.41927818,87.00120317,0.223164536,0.018919537,18.80826505,0.001003309,236.4434231,106.5418358,3.4094343,1.031496967,16.08753055,28.01601182,3.243553917,4.127898931,4.929733743,0.20338502
1507766400,4835.8,304.17182,0.2635511,50.76777586,297.8562168,0.214516088,11.46118451,87.77605654,0.233762572,0.019536632,18.62682459,0.001015518,235.4388537,112.954568,3.530134,1.0904729,16.81823539,27.854208,3.6461932,4.18659385,5.39360953,0.206150154
1507852800,5449,302.9644,0.24509602,59.939,291.5222629,0.20717098,11.76978551,87.2161491,0.21354631,0.01776374,18.24701181,0.0010898,226.8325522,100.3044836,3.13388337,1.03531,16.37222887,29.01597949,3.520054,3.64696121,4.95859,0.21943123
1507939200,5637,336.3836909,0.2598657,59.23556895,310.0074351,0.21071106,12.05974143,95.15222178,0.21110565,0.01792566,18.19465764,0.00101466,238.0900254,97.86553536,3.12763308,1.02294639,17.00429235,27.6213,3.64403865,3.94618185,4.785813,0.22519815
1508025600,5820,338.142,0.253752,63.7074078,315.9440544,0.2099274,12.1287054,99.4842864,0.2073666,0.0172854,18.9727344,0.0011058,239.784,93.7020582,2.8227582,1.0558644,16.393776,28.1104254,3.9635364,3.9649332,4.7502258,0.25026
1508112000,5693.3,337.04336,0.263884455,65.50819153,309.290629,0.207520785,11.92808976,95.0553368,0.205129599,0.018901756,18.78777613,0.001081727,231.0711774,83.55276428,3.017449,1.07318705,17.0065703,27.69249587,4.030913333,3.78775249,4.9816375,0.261607135
1508198400,5755.005755,332.3406478,0.258457308,64.45612201,302.4140424,0.223869724,11.85801671,95.9029122,0.20994261,0.037004687,18.9973891,0.001151001,233.0911422,91.00781941,2.956979507,1.036476536,16.57326557,27.31601972,4.042661343,4.005886856,4.962138612,0.24999745
1508284800,5581.888568,315.8567465,0.227685235,59.00469276,297.1419021,0.216354001,11.78839047,90.42665062,0.220093866,0.045436573,18.67711079,0.001060559,229.4776349,83.3934152,3.044138749,1.038007998,15.76001582,28.78367823,3.829510471,3.86311344,5.107428039,0.245491459
1508371200,5562.39,314.08647,0.216098852,60.47002104,295.9481281,0.219436286,11.51715099,89.55764956,0.21793444,0.035043057,18.14212435,0.001056854,228.3361095,80.65476625,3.214560805,1.057076596,16.6785483,27.25576662,3.738426695,4.051366757,5.147825073,0.228725477
1508457600,5706,306.9759528,0.21391794,59.40168534,294.4936213,0.22059396,11.31311502,88.1577,0.25671294,0.0310977,18.1624833,0.00102708,230.2371,76.4604,3.08911428,1.06964676,15.86268,27.1035,3.4983486,3.88070766,4.998456,0.22230576
1508544000,6000,302.94,0.2076,60.0372,286.785,0.21342,11.09802,90.3735,0.2217,0.02682,17.2887,0.00102,220.80006,74.2338,2.97852,1.00344,15.234,24.66,3.1896,3.59658,4.91016,0.22128
1508630400,6001,297.997838,0.20931488,57.91841146,275.6364918,0.21273545,10.83174499,87.8912461,0.20199366,0.03696616,16.8028,0.00102017,212.0704792,70.9348205,2.98291707,0.9685614,15.39064468,24.87786562,3.29802958,3.56453399,4.70784451,0.20181363
1508716800,5987.9,294.8440164,0.201552714,56.28410436,274.2457601,0.212091418,10.68037771,86.525155,0.201073682,0.031196959,16.945757,0.001077822,213.5254003,74.85851028,3.15203056,0.963992021,15.32291634,26.08323252,3.415138886,3.63944562,4.736369021,0.205025696
1508803200,5998,279.8468866,0.1916361,54.25059044,280.439489,0.1961346,9.89064202,84.96862768,0.1940353,0.03442852,16.20941506,0.00095968,204.3483812,69.58711656,3.3996664,0.938687,15.41713924,23.99188004,3.196934,3.42581768,4.55848,0.20219258
1508889600,5496,296.2891951,0.203352,55.46546712,290.4744271,0.21082656,10.38744,87.90368352,0.19835064,0.03638352,17.89079904,0.0010992,214.3513646,76.66716648,4.0008132,0.99054408,15.9384,27.53490504,3.4168632,3.7477224,5.52573336,0.21450888
1508976000,5705,293.9279896,0.2001314,55.96610705,285.249943,0.2029839,10.38315705,86.9481935,0.20053075,0.03531395,17.9127872,0.0010269,214.0977535,73.65149295,4.91548505,1.00527805,15.2919102,34.00573645,3.4234564,3.65296855,5.11253575,0.2016147
1509062400,5883,295.26777,0.20090445,55.28572782,284.7364352,0.19713933,10.32813597,88.23317517,0.19384485,0.03453321,17.5925232,0.00105894,232.7012414,71.75459802,4.41225,0.97446012,15.23179296,30.23862,3.29006775,3.6033375,5.14356573,0.19308006
1509148800,5746,295.11456,0.19944366,54.69651876,279.261346,0.19662812,10.25523096,85.8644891,0.2054195,0.03413124,17.6451041,0.00097682,243.0236224,70.87110654,4.42367302,0.99457514,15.80201714,29.91287156,3.29693988,3.5062092,4.94535236,0.19812208
1509235200,5731,292.7338636,0.1977195,54.00905862,274.2835395,0.19697447,10.34451231,86.31665416,0.19812067,0.03083278,17.04290511,0.00103158,230.2665367,69.91825731,4.258133,0.94882436,14.87842103,30.97439301,3.14087455,3.4386,4.68996385,0.19221774
1509321600,6143,302.5796694,0.20216613,56.82275,282.674568,0.19792746,10.82384314,88.21348,0.18754579,0.0301007,17.70854896,0.00116717,232.8009024,72.58992667,4.0549943,0.96924254,14.6614981,29.17931143,3.31881718,3.54967112,4.84916134,0.1996475
1509408000,6137.11,306.8555,0.202217775,56.13982744,285.5290428,0.199456075,10.74601824,88.95520009,0.191048234,0.031728859,17.23067278,0.00110468,239.337532,74.87280337,3.793715918,0.963464899,15.25796014,30.55912553,3.26494252,3.434388127,4.909688,0.198658251
1509494400,6447.08,303.4202155,0.198376652,55.42561123,275.8170424,0.185031196,10.44878256,87.03558,0.202825137,0.02901186,17.66306508,0.001160474,231.1097662,69.24679686,3.352546071,0.943336746,14.36944532,28.52039909,2.966817274,3.223282117,4.684899624,0.200504188
1509580800,6720.1,288.561094,0.190111629,52.551182,268.8040672,0.164373646,10.0802172,84.96659237,0.224652943,0.027283606,16.8608653,0.001142417,220.5387634,68.6321797,3.029689884,0.879862693,12.50321646,26.8804,2.68804,2.889575799,4.415240102,0.205433457
1509667200,7003,282.6063451,0.20063595,54.06316,262.6764374,0.1659711,9.8714288,82.9988557,0.22101468,0.02752179,16.39808474,0.00112048,216.2499088,59.50820259,2.83425416,0.86858209,11.65432257,24.69804034,2.696155,3.1758605,4.30488416,0.24377443
1509753600,7140,304.1639286,0.2051322,55.5494142,277.032,0.171003,12.3794034,87.465,0.201348,0.0276318,17.7468984,0.001071,230.8370568,60.3321432,3.1022586,0.9366252,14.6996892,27.54612,2.855643,3.6661044,4.5162642,0.2118438
1509840000,7360,299.0368736,0.2012224,54.6979008,274.0052928,0.169648,11.77416,86.643024,0.1944512,0.0271584,17.5619168,0.0011776,229.632,61.638528,2.975648,0.9054272,14.1491584,29.2093376,2.7519776,3.54936,4.5980128,0.2013696
1509926400,7391,295.033938,0.19926136,54.42643708,271.9767527,0.1796013,13.119025,86.07152095,0.19017043,0.02675542,16.44674884,0.00118256,225.4129353,62.83613861,3.0317882,0.87923336,14.40328516,29.05128633,3.06090874,3.4493797,4.44819944,0.19985264
1510012800,6927.5,295.9517365,0.2008975,54.26324605,272.942738,0.185657,13.8203625,100.9426115,0.185864825,0.0288184,16.87192625,0.0011084,227.1448969,58.97311475,3.000993,0.852290325,15.96303825,28.749125,2.909480725,3.492222025,4.5535843,0.19466275
1510099200,7074,290.034,0.20436786,60.129,287.7112521,0.1786185,13.46875452,98.68060224,0.19220058,0.03034746,17.0214588,0.00120258,236.9797074,60.850548,2.98246914,0.8640891,16.41168,28.904364,2.80844874,3.66419052,5.1336018,0.2040849
1510185600,7349.9999,303.5372089,0.214987497,61.73999916,310.6153323,0.192128997,13.75677431,111.5286045,0.203594997,0.032928,18.20109875,0.001176,246.7520651,71.28764903,3.454499953,0.924482987,16.77475777,30.99142158,3.354686954,4.464683939,5.953499919,0.230128497
1510272000,7098,318.4156412,0.2154243,63.78461544,325.450256,0.21939918,14.096628,120.6546432,0.21407568,0.03996174,18.96855324,0.0014196,261.5490914,82.05699684,3.719352,0.98356986,21.42183498,32.97929544,3.38936598,4.89762,6.38415414,0.2395575
1510358400,6533,295.81424,0.202523,58.7238304,326.0346567,0.19030629,14.42754253,104.528,0.19618599,0.03292632,17.54169297,0.00117594,235.2238662,67.46446176,3.15458971,0.87757789,17.37680005,29.9355126,3.26375614,4.194186,5.57023179,0.21375976
1510444800,6315,312.6260326,0.2089002,62.03912835,345.0003854,0.1900815,19.25740305,119.2487342,0.195765,0.03252225,18.25035,0.00119985,251.9666055,65.99206575,3.28310535,0.928305,19.95116895,30.3556998,3.335583,4.10493945,5.70692865,0.215973
1510531200,5850.0001,303.4404412,0.191704503,58.324501,506.0250087,0.178951503,14.60160025,124.0403601,0.188955003,0.0275535,17.3933373,0.0009945,284.6025049,55.42939445,2.854683049,0.836374514,16.26592528,29.4279575,2.983500051,3.676140063,5.429502093,0.192874503
1510617600,6489.8,313.5289874,0.200989106,61.08829271,421.9213674,0.191189508,15.94524391,122.3274733,0.202741352,0.03082655,18.41279566,0.001168164,264.7199804,60.3650045,3.224327334,0.921486702,16.59656023,31.83337757,3.193046498,4.37672112,6.282580686,0.206635232
1510704000,6580.3,334.6083208,0.205502769,62.21166967,423.0382746,0.188657201,17.3017802,121.406206,0.212148872,0.037244498,19.00147169,0.001118651,270.4497378,62.249638,3.581394078,0.936245084,17.79510529,34.31080285,3.13156477,5.03787768,7.106724,0.223466988
1510790400,7250,331.325,0.2082925,63.1475,420.4997825,0.1903125,17.11725,120.2085525,0.213585,0.036685,19.4798075,0.0013775,288.5499275,65.1533575,3.6987325,0.941195,19.14,33.980895,3.209575,5.040345,8.468725,0.229535
1510876800,7867.9,332.431757,0.227854384,71.34155382,420.7940176,0.195359957,16.8515469,120.6995656,0.209443498,0.037293846,19.82718668,0.001416222,293.2869876,67.65190211,3.327728305,0.923848818,18.95935731,32.52794425,3.072808345,4.708859471,8.497332,0.229821359
1510963200,7670.01,330.5351692,0.222890491,66.88793291,422.9712919,0.190676449,17.08494728,126.1026344,0.20709027,0.035205346,18.89898134,0.001303902,288.7102979,62.72012617,3.373116998,0.894629966,18.1779237,32.15429262,2.92994382,4.70938614,8.294809015,0.226725496
1511049600,7790,348.0572,0.2279354,69.8279241,454.9754953,0.1959964,17.6748089,131.0196205,0.2116543,0.036613,19.7239684,0.0013243,297.0827118,66.2150779,3.49771,0.919999,18.52462,34.83688,3.0029671,5.2721162,9.2402643,0.2381403
1511136000,8065,354.6330509,0.23348175,71.7785,445.2659886,0.2035606,17.960755,129.3060644,0.22057775,0.0366151,20.52227965,0.00137105,301.2186366,67.77301775,3.48077335,0.91449035,18.73588215,35.32461935,3.0203425,5.1090162,9.74082635,0.24267585
1511222400,8250,370.88865,0.2404875,72.406125,573.871155,0.213675,18.47835,136.8672525,0.2183775,0.0380325,21.1179375,0.0014025,304.3288875,69.7125,3.4832325,0.9087375,19.40202,34.4369025,2.898225,5.2383375,9.72675,0.26235
1511308800,8100,360.15597,0.232227,69.950304,492.319296,0.202581,17.717454,141.98571,0.2187,0.037503,21.250674,0.001377,289.4049,68.559453,3.451329,0.892863,19.892952,34.101,2.9727,5.23746,9.6876,0.267219
1511395200,8225,381.5072485,0.23860725,71.71862775,575.7498355,0.20241725,17.85853125,165.3883,0.23071125,0.04252325,25.221798,0.00189175,319.5062115,72.009875,3.73390325,0.99580075,22.61899675,40.43944625,3.095561,5.27872275,8.513533,0.297416
1511481600,8001,405.6507,0.23882985,72.62075646,559.42984,0.19970496,17.92183995,156.827601,0.22818852,0.04024503,25.31348379,0.00184023,308.7281862,81.48242403,3.98345787,0.95315913,21.70039221,43.20291969,3.02701833,5.20048998,7.35603939,0.27787473
1511568000,8186,470.695,0.23968608,77.55670166,561.387694,0.208743,20.83337,158.7172898,0.2472172,0.04019326,28.4676336,0.00188278,350.270754,131.7946,4.2518084,0.93967094,22.12086408,48.0342201,3.05329614,5.19598164,7.83064574,0.26416222
1511654400,8700,458.150004,0.245862,87.869913,630.924,0.218022,21.091758,166.417341,0.252648,0.043674,28.06881,0.002001,341.04,113.535,4.72758,1.035822,23.304342,50.025,3.235704,5.358591,7.964937,0.277095
1511740800,9190.8889,463.8187598,0.241628469,84.28045121,612.7563791,0.210747082,21.6346172,161.1129737,0.274348034,0.048527893,27.08904213,0.002021996,335.4675368,106.8702775,4.476054803,1.085443979,22.51813735,59.95308738,3.480681535,5.597159431,7.371092898,0.325817012
1511827200,9698,473.0967582,0.24594128,90.569622,621.4118604,0.22479964,24.5349702,171.334663,0.3307018,0.05935176,28.93029776,0.00203658,342.27646,124.590206,5.3746316,1.168609,22.69332,58.56020924,3.76301796,5.595746,7.865078,0.3433092
1511913600,9890,463.7421,0.2806782,94.280381,606.986882,0.2471511,31.395805,196.281885,0.3454577,0.0842628,28.3090371,0.0023736,362.0233511,114.724,6.4285,1.14724,23.3439604,56.0471245,4.2795019,5.9279671,7.7262658,0.3654355
1512000000,9745.979016,422.1510769,0.235267933,84.14678282,658.7326709,0.210220767,24.35247269,168.1292484,0.263531273,0.064420921,24.48004755,0.002046656,302.5238626,90.3459077,4.847260123,0.935613986,19.76279879,49.22596541,3.471322806,5.098024163,7.015253155,0.297837119
1512086400,9912.39,431.7348403,0.2343289,85.9404213,753.8039539,0.219757686,26.01437369,174.3059088,0.284386469,0.071765704,25.89532588,0.001982478,300.8410365,101.5186343,5.2535667,0.991239,22.98465168,55.85830013,3.71714625,4.802057336,7.390182364,0.301336656
1512172800,10784,457.1347306,0.24738496,96.71813728,777.5264,0.23692448,29.62666752,188.4757424,0.3148928,0.09015424,26.60811808,0.00204896,330.9256963,111.0735824,5.62795392,1.0816352,22.8933536,57.7542512,4.04788224,5.78442976,7.70322688,0.34498016
1512259200,10902,456.1092634,0.24453186,98.94121002,764.0462833,0.2523813,28.76013012,200.6326676,0.31136112,0.09299406,29.59173468,0.0021804,324.8796,107.8243777,5.8848996,1.1959494,22.08865122,55.35425088,4.43635086,6.21403098,7.74020196,0.43782432
1512345600,11198,460.512151,0.24557214,100.65871,760.84811,0.27838228,28.96149938,196.5476319,0.31499974,0.08924806,35.98074172,0.00212762,318.9215036,116.0779081,6.07245144,1.22595704,23.11166418,53.7504,5.29295866,6.18958252,7.7232606,0.47165976
1512432000,11588,466.4810816,0.2468244,103.1498867,764.657356,0.28529656,29.2040776,208.35224,0.36131384,0.09722332,37.72079408,0.00243348,327.5796656,129.4238226,7.47391236,1.4316974,23.7554,58.12784148,5.43500376,6.76136624,8.795292,0.573606
1512518400,11631,453.609,0.23227107,99.735825,735.2235407,0.29833515,28.08246795,248.0879506,0.35393133,0.12224181,35.56841217,0.00244251,319.0697337,140.3825644,7.35032676,1.45713168,25.36732731,55.7310996,5.1560223,7.350792,9.793302,0.56387088
1512604800,13584.9,412.0297453,0.213826326,96.58741636,660.4558607,0.258248949,24.86050285,251.7834875,0.335003634,0.160981065,30.33182132,0.002581131,311.7737267,128.9886255,7.470064812,1.28377305,22.38710011,49.584885,4.648888629,8.42127951,8.422638,0.506309223
1512691200,16460.024,406.7441469,0.199495491,92.50533488,649.0032739,0.209042305,22.96700069,252.5003894,0.278174406,0.12361478,25.82083965,0.002633604,288.2293405,107.0077682,8.482508768,2.127951903,18.18569292,47.7340696,3.911066303,8.056852548,7.00917202,0.526720768
1512777600,15845.06673,443.0909708,0.232922481,120.4066621,696.0414577,0.64584492,27.93818012,260.5862246,0.318485841,0.136901377,29.02927141,0.002693661,316.5373735,116.4252722,8.773571902,2.004084041,19.74612216,55.3339836,4.675879193,8.129945291,7.826353812,0.552517477
1512864000,14698.98334,461.3932966,0.235183733,149.5915535,701.1415053,0.438323683,27.49180252,255.7606932,0.30853166,0.131555901,28.46561017,0.002645817,307.3623562,116.2598449,9.004597194,1.639377612,21.1768253,52.36836193,4.634589447,8.442949041,7.996246937,0.542098506
1512950400,14950,428.8319295,0.2282865,144.52165,675.340237,0.3819725,25.228125,238.915053,0.2839005,0.115115,27.111227,0.0025415,285.5385715,101.221068,8.95505,1.669616,18.854641,55.940508,4.216199,9.5678505,7.676825,0.4851275
1513036800,16587,510.8796,0.24681456,208.3159671,754.5575583,0.48666258,26.65431378,274.6737535,0.3234465,0.14215059,30.80952315,0.00281979,316.2497324,121.9834519,10.62762264,1.75291416,23.3959635,58.06859895,4.57237242,11.02670586,8.0480124,0.61123095
1513123200,16302.08,610.5944064,0.37706711,289.6895918,892.8328064,0.502267085,28.54771343,293.43744,0.334029619,0.14459945,32.49167565,0.003097395,354.2142026,132.0501084,9.626052198,1.7932288,25.5942656,66.84146237,4.674132377,13.84046592,8.946418483,0.991166464
1513209600,16050,685.335,0.4550175,292.396974,869.22627,0.5115135,29.034129,297.8387265,0.3574335,0.1458945,34.9910865,0.0033705,410.238,140.7602655,9.292308,1.7679075,25.359,72.207345,4.926708,13.161,9.35394,0.9612345
1513296000,16394,687.5158338,0.83084792,275.1095173,934.4578361,0.58969218,31.26844014,329.5194,0.42821128,0.18623584,36.72256,0.00344274,503.45974,143.5653729,9.6978707,2.04662696,31.96813606,72.66492954,5.75445794,13.42111204,10.66331336,0.90970306
1513382400,17461.001,676.2645687,0.734235092,294.0359232,894.5263828,0.584070483,31.25728711,309.0595431,0.389729542,0.193293281,35.75297104,0.00366681,460.5810461,204.3003469,9.711110316,1.973093113,31.18534779,70.36835786,5.338701056,13.01019185,10.13907945,0.886495021
1513468800,19261.1,683.7838811,0.740781906,296.096075,992.3844548,0.645439461,33.6333476,322.6908389,0.413150595,0.236718919,41.70451894,0.00577833,462.1099999,180.6423451,10.6899105,2.128736772,30.71529095,82.55538593,6.004455314,13.18595645,10.38115507,0.927999798
1513555200,18917,706.5507067,0.70673912,312.88718,1080.220289,0.67136433,34.0108743,346.6035166,0.47633006,0.26408132,42.65669998,0.00586427,526.5319946,187.0015443,10.97848095,2.30163139,37.89396689,84.74153905,7.39181775,13.30413693,13.55705722,0.96457783
1513641600,18968.81,790.2484018,0.756476143,355.4975032,1144.962873,0.842025476,38.07097073,373.6774004,0.556544885,0.275237433,55.61863749,0.006449395,583.3142391,194.6524273,12.62962339,2.984742254,42.03602109,92.70379917,7.996491544,15.54626761,16.93914733,1.130541076
1513728000,17346,799.82406,0.73425618,341.7162,1133.937855,0.90841002,37.55044734,355.593,0.56946918,0.26019,116.2182,0.00537726,590.4576665,202.25436,11.8620621,2.96304372,40.87532862,90.47534832,7.59685416,15.672111,16.41816246,1.0875942
1513814400,16498,798.503365,0.72195248,306.3163862,1426.712064,0.91547402,39.26474506,474.3057864,0.59013346,0.25208944,90.4082151,0.00676418,676.0184184,219.3689566,11.251636,3.42943926,44.12340606,95.96523644,8.10002306,15.30783428,19.62899044,1.13935188
1513900800,15297,772.498653,1.1136216,299.1372711,1323.338269,0.95713329,36.53153055,413.2004224,0.64629825,0.2493411,83.98022406,0.00718959,639.6755668,197.9765275,12.55898997,3.56909604,40.86715926,91.9334403,10.12829667,15.62053155,23.67118968,1.22376
1513987200,13280,633.8004832,1.004632,250.8444592,1093.886083,0.764264,27.4884048,318.7197344,0.50796,0.2062384,60.0256,0.0057104,481.2443584,148.9386528,9.6696992,2.8694096,31.0750672,75.6228272,7.5698656,11.7769696,18.498376,1.0487216
1514073600,13849,664.1967936,0.98812615,264.5233785,1143.746394,0.8697172,27.98301242,337.22315,0.57902669,0.22075306,72.12157579,0.00678601,510.8933492,156.077953,12.87943151,3.04373322,35.12743454,82.12498547,10.59628537,13.73446877,19.71322056,1.5136957
1514160000,13530,659.77692,0.964689,262.482,1095.782523,1.0041966,27.7060575,329.61786,0.6257625,0.2162094,68.3285295,0.008118,519.9871248,182.4431202,14.0155917,3.2803485,33.9966957,87.8106471,11.5969689,13.3136553,19.5600504,1.6650018
1514246400,13639,709.228,0.9751885,260.5188118,1099.029529,0.98759999,28.76983382,334.2520641,0.695589,0.22054263,70.909161,0.00872896,519.064333,234.3159742,14.86678278,3.3210965,46.40328775,89.59077208,12.42799319,13.92432788,23.3936128,1.67950646
1514332800,15707.18562,749.2013398,1.074999784,279.1162173,1185.132758,0.962850479,29.802814,356.1250928,0.761798503,0.221785461,85.604947,0.00926724,546.2957588,211.2649451,14.84329041,3.390396016,48.19875565,93.97970422,12.72282035,14.13630999,24.8613334,1.639201891
1514419200,15446.8,737.0714028,1.21025678,264.0298354,1141.504772,0.929742892,28.90065386,374.1859092,0.88355696,0.224596472,81.01723026,0.008650208,516.6548349,209.8427699,13.71984776,3.20675568,44.4090866,95.64519539,12.66235983,13.3769288,23.85140388,1.611719112
1514505600,14275,712.3928758,1.2490625,247.0952537,1094.3215,0.89661275,26.7476385,350.859515,0.80753675,0.217551,73.712103,0.007994,475.78575,205.7054623,14.11640475,2.88283625,41.63346575,89.07671375,11.43413225,12.57441925,22.78275725,1.72
1514592000,14330,732.263,1.9203633,240.059026,1090.405812,1.0298971,27.3162759,351.3756124,0.8244049,0.3146868,75.5059164,0.0093145,516.6972399,220.6582122,14.910365,3.1184946,45.9580296,98.1605,11.5367964,13.4694835,22.6267834,1.69
1514678400,12350,682.5845,1.8279235,206.703185,941.069506,0.8799375,23.589735,301.891304,0.6932055,0.3061565,62.6642705,0.00741,443.833065,181.5446295,12.3805045,2.6165945,40.6192735,82.003259,9.243975,11.2932105,18.5989765,1.52
1514764800,13726,733.1744273,1.95622952,224.708346,1004.86742,0.9930761,25.8089978,329.4218038,0.83769778,0.350013,70.0012274,0.0089219,475.88042,206.5763,13.73368656,2.97662036,57.18951626,96.02448806,10.23877244,12.4721299,20.05725476,1.73
1514851200,13380,751.9699152,2.039112,223.1199294,1022.98021,1.0036338,29.3525088,338.513331,0.9256284,0.4851588,73.4706504,0.008697,515.3840862,225.086388,15.61446,4.0738086,64.2244014,109.4435832,10.6345578,12.4832724,20.9063838,1.61
1514937600,14724.9,856.9906525,2.191801365,249.875074,1154.951507,1.12645485,31.8352338,365.1772255,1.083458142,0.556453971,78.95005458,0.008982189,544.1734044,260.7734143,16.16749845,6.920703,60.07773925,106.9121979,11.48630549,13.18555895,21.79726947,1.83
1515024000,15079.99,939.9357767,2.710477403,243.2402387,1124.034707,1.760136433,32.7247847,381.9974095,1.079274884,0.883687414,77.0575425,0.009198794,559.4780342,266.878123,16.57260741,7.96223472,65.82430715,106.3160407,11.06660146,12.92355143,20.88955615,1.96
1515110400,15199,941.7288241,2.75025905,236.952562,1114.090044,1.56002536,33.49935595,370.1217923,1.05648249,0.7417112,72.78877095,0.00972736,550.6792247,294.6523737,15.98874004,6.68497617,67.2373362,114.144338,10.18333,12.4464611,21.31720546,1.74
1515196800,16925,964.6540843,2.49085225,242.19675,1077.18147,1.561839,31.26775275,357.9627345,0.9528775,0.66430625,72.0473555,0.01235525,549.8671855,405.35375,15.062573,5.789027,63.1116325,112.285866,10.4579575,11.8559625,24.02825325,1.54
1515283200,17130,1007.237491,2.6301402,277.1784744,1156.824702,1.62735,33.9172287,394.9489374,1.0269435,0.7259694,76.2882837,0.0143892,653.4195675,392.8292712,16.1022,6.6010455,63.1130868,113.6256882,11.136213,12.789258,31.0902648,1.72
1515369600,16180,1114.800382,2.7493056,271.32242,1155.252162,1.7945238,35.4342,401.264,1.076779,0.7125672,78.704374,0.0168272,759.3418002,364.4489988,16.90001,6.3597108,72.056012,111.8075214,12.284665,12.765211,33.9409478,1.83
1515456000,14900,1126.44,2.376848,252.032457,1069.82,1.590724,33.525,399.576429,1.087104,0.61537,99.971103,0.014602,688.664739,355.422514,21.902702,5.915449,74.946851,109.44199,11.907335,13.409851,30.694,1.56
1515542400,14458,1292.386162,2.0566505,245.2649337,1109.999938,1.50970436,37.453449,412.1890498,1.07003658,0.58959724,92.37418612,0.01315678,670.4138455,383.137,19.30041794,5.88353852,68.03096236,115.664,12.31778226,12.89205402,29.42203,1.53
1515628800,14860,1248.24,1.9517124,248.8194064,1105.373434,1.3801968,36.1316442,404.677922,0.939152,0.55725,101.6407654,0.0129282,709.0899258,393.79,19.0219888,5.255239,66.4225654,113.6457136,13.6894778,12.5454064,28.5312,1.58
1515715200,13282.48277,1137.493893,1.933929492,225.2710406,989.5449666,1.249881629,32.43197101,353.7119849,0.811294048,0.557067327,99.6127765,0.011157286,634.9046689,314.5371615,15.87256691,4.4141675,57.10962858,101.5411274,12.12053118,10.49316139,24.94569807,1.35
1515801600,13797,1258.976112,2.02622742,234.535203,1044.187175,1.39873986,35.73478188,391.1439842,0.91032606,0.66653307,105.6822606,0.01255527,693.4470159,365.6220177,18.40271454,5.34578562,61.94839203,115.7641424,12.63170538,11.18881512,29.21307795,1.49
1515888000,14180.999,1379.704136,1.98519805,257.1790819,1090.844419,1.436109769,42.11756703,415.5032707,0.955373903,0.661543603,106.2135554,0.012053849,691.1016268,374.0947536,19.73399459,6.211135752,61.62962898,120.9792369,12.71539275,11.68344146,29.21299975,2.39
1515974400,13545.1,1350.595466,1.81368889,235.2782515,1000.572609,1.313739249,42.59920405,390.3077454,0.904270876,0.617792011,93.32844802,0.011242433,660.4905006,341.8333543,19.60978307,5.796760996,63.3905262,109.7246561,11.4660626,10.77837787,27.09006455,2.1
1516060800,13565,1275.978974,1.65153875,230.605,925.1924147,1.32787785,39.97700455,413.5959005,0.9642002,0.5952322,89.7544503,0.00990245,622.047492,322.1684787,20.65990195,5.4376659,58.09007775,104.0755634,11.86381335,10.78268285,26.3543533,1.49
1516147200,11017.172,1013.508433,1.134768716,180.681731,734.5148572,0.943180095,27.70818758,306.8303335,0.661581179,0.427135758,63.88329219,0.006500131,493.8128953,203.2662725,14.47788607,3.743635046,41.31428483,80.37015957,8.058510459,8.042315217,20.27159648,1.299585609
1516233600,11035.7,1013.009611,1.2911769,185.1233157,789.0514464,0.984605154,28.91651364,317.231239,0.650113087,0.4745351,64.01478499,0.007504276,494.5569498,211.7824769,14.67560493,4.074711511,43.18545303,86.02063293,9.050487927,7.982011453,22.15858203,1.737239894
1516320000,11000,997.05881,1.54198,187.33022,811.7901,1.02498,29.37253,306.23857,0.6424,0.4884,62.34701,0.0077,475.35895,224.44499,14.00531,4.14678,44.11,80.3,8.92386,8.06674,21.98735,1.42978
1516406400,11385.3,1025.690292,1.524605523,189.9756851,837.7175086,1.071470583,31.21883416,362.597782,0.688241385,0.499359258,76.39445218,0.007628151,515.7313194,256.16925,14.68715085,4.743799098,50.89240485,102.5075485,9.232681329,8.610246978,22.72084624,1.404262902
1516492800,12729.9,1150.719311,1.561322235,209.4090191,921.6450146,1.190882145,35.007225,383.5242631,0.749281914,0.531727923,96.85900852,0.008401734,555.4921003,269.5095503,15.95120119,5.518666248,58.74505143,117.754121,10.00366462,9.43922085,25.32613605,1.40538096
1516579200,11492.54,1043.957969,1.360486885,189.7401115,817.2385418,1.041224124,30.35363695,345.6617002,0.625883728,0.460046376,87.7455429,0.007010449,484.985188,224.1046449,13.37559268,4.941907125,47.75943355,99.60848746,8.433225852,8.216936249,22.05947083,1.080413685
1516665600,10788,997.8898921,1.337712,178.5414,760.55044,0.96962544,29.079054,315.22536,0.5706852,0.4768296,83.671728,0.00668856,442.308,201.3972883,11.575524,4.34788764,44.46835176,90.15704208,8.854251,8.16748692,21.15839652,1.01266956
1516752000,10839,983.7679089,1.33774938,177.5482395,755.3587458,0.94429368,28.1814,308.1726054,0.58411371,0.4845033,87.28679217,0.00661179,440.9523064,211.2218692,12.46831848,4.30514241,47.14845771,91.87158078,12.27440877,8.1119076,21.89510517,1.00520886
1516838400,11397.07699,1067.252263,1.353174951,181.1735204,786.5139924,0.979920679,29.87709541,320.2578633,0.623420111,0.570993557,90.31089393,0.007180159,457.592641,241.2057999,12.81065645,6.305204902,48.23356952,95.84941746,10.84135551,9.007337885,21.99259755,1.055597271
1516924800,11187.1,1052.930076,1.299381665,179.962291,790.92797,0.94754737,29.0417116,317.7112907,0.569759003,0.604886497,88.50338552,0.007607228,472.8668587,228.7523665,12.69679914,6.410320171,47.32109739,91.03804677,10.34795563,9.06266971,22.48797281,1.028318232
1517011200,11090,1053.328089,1.2064811,175.7765,777.4705495,0.8811005,28.5571936,322.719,0.5520602,0.6285812,84.4277264,0.0072085,453.5760095,221.6974175,13.3082218,6.1618258,44.4523797,90.8410734,9.7262627,8.9361002,21.317198,0.93156
1517097600,11503,1118.080097,1.22012321,182.6666047,777.83286,1.0605766,29.689243,326.397625,0.58044138,0.62323254,84.949655,0.00736192,458.4723103,231.5237568,14.58327334,6.11487977,45.22496474,93.37709789,10.0639747,9.15592788,23.5569937,0.94865241
1517184000,11868,1246.144154,1.3713474,195.822,822.3204278,1.02029196,32.59332576,333.4908,0.599334,0.62686776,85.21224,0.00747684,478.8965866,241.4507809,14.56785132,6.2461284,47.68099548,95.48387532,10.10358444,9.33631824,23.61732,0.95620476
1517270400,11252,1173.078385,1.27170104,181.162826,769.1433998,0.92277652,31.16804,315.9687622,0.5530358,0.576665,80.08926056,0.00697624,445.714224,230.9202952,14.5162052,5.6445658,44.72546228,99.01636228,9.2452058,8.77307188,22.57623784,0.98713796
1517356800,10229.99,1087.08866,1.120081605,167.771836,685.4105576,0.785254032,27.19223412,277.3442359,0.464953046,0.488482023,68.81560823,0.006137994,386.6937243,199.434678,12.00468867,4.57290783,39.37748211,91.50490765,7.673413199,7.686712186,22.0957554,0.819626799
1517443200,10256,1123.288195,1.13954416,163.849856,701.423224,0.789712,28.84541024,274.5380437,0.47444256,0.5369016,68.75294208,0.00584592,399.942976,201.963716,12.29704656,5.0208248,39.09597456,98.90404368,8.25228528,7.70215344,26.46335168,0.77289216
1517529600,9231.843262,1045.044565,0.962142705,143.832118,625.1437753,0.655276235,25.10488993,244.8874748,0.438512555,0.454391325,65.97638337,0.004985195,403.2191258,179.0993287,10.18475412,4.89693894,31.62607937,84.93295801,6.616554384,6.680715695,22.76784881,0.590561013
1517616000,8880,921.7566984,0.8994552,131.8769688,593.5252584,0.5961144,23.1188136,236.62536,0.3705624,0.4113216,58.8907392,0.0045288,385.2144,160.4156904,9.4223016,4.5317304,29.4240576,80.8092432,5.9907144,6.2708784,21.8448888,0.5433672
1517702400,9229.928658,976.2488158,0.959081887,161.154739,639.7040189,0.630127229,24.34301384,253.7935946,0.422730733,0.442759678,61.9323598,0.00516876,389.6782657,173.3534742,9.751419627,4.731446029,32.16491688,89.03143034,6.89180313,6.630873047,23.26588117,0.535797359
1517788800,8180.01,826.2688633,0.813910995,147.0765798,540.0221742,0.536690456,20.7764892,218.9098284,0.339306815,0.37644406,50.31736831,0.004253605,340.3707887,142.8103774,7.963730536,3.885013949,26.20073563,72.8003712,5.645433902,5.642489098,19.632024,0.427241922
1517875200,6968.072289,705.2661203,0.685727994,126.2010567,453.0295683,0.43857047,16.58498758,179.4278614,0.27377556,0.325687699,42.8271659,0.003414355,305.8773996,112.0668795,6.145491355,3.215904723,21.69808934,59.23697614,4.738289157,4.459566265,15.05103614,0.353908392
1517961600,7699,788.3496526,0.7598913,142.3826114,524.586609,0.52460986,19.147413,208.7630814,0.30726709,0.36192999,46.840716,0.00423445,367.319367,135.163952,6.7720404,3.84164702,26.13310065,71.98572699,5.41062623,4.98302377,18.054155,0.39465074
1518048000,7589,752.14579,0.71518736,137.8149499,521.06074,0.50853889,18.13755822,207.0715567,0.32822425,0.33649626,47.43823188,0.00424984,352.8804557,132.6911606,6.41012474,3.58223567,23.252696,68.1651569,5.01268628,4.89460144,18.18848041,0.36336132
1518134400,8268.4,818.5716,0.784340424,150.1376072,600.8841414,0.542737776,21.59714348,248.4478083,0.326353748,0.353308732,52.04420354,0.004464936,437.4066284,139.2923603,7.423121468,3.824135,26.00519289,73.8290397,5.435315424,5.538505056,23.28389708,0.399115668
1518220800,8689,880.63015,0.92146845,163.9136405,634.5402051,0.58103343,25.63333201,258.9123891,0.35555388,0.38883275,57.16606057,0.00495273,472.6816,145.5597789,8.08346359,4.19496231,28.22126377,80.50593103,6.012788,5.93102451,27.28311244,0.48988582
1518307200,8540,850.6694,1.022665,154.504399,631.7891146,0.579866,24.1083346,246.95545,0.3375862,0.3889116,53.7701458,0.0049532,478.9575308,143.9710776,7.6122998,4.2284956,27.14012,76.8599146,5.974584,5.6531384,27.1560044,0.5090694
1518393600,8052.5,806.7341563,0.95905275,148.1668052,574.7045898,0.519466775,23.74803038,227.0421701,0.32580415,0.357128375,48.76030325,0.00499255,431.6648918,135.282,6.921043225,3.793613275,25.848525,68.55842133,5.372708525,5.426982375,25.18822,0.457623575
1518480000,8913.488263,867.0724062,1.045641308,161.8246468,621.5286231,0.555132049,29.63039595,247.7949737,0.374812181,0.386310581,53.77578777,0.005437228,463.090567,148.4062816,7.859200871,4.126231987,28.79065622,77.54734789,5.892796225,5.772018459,28.16519675,0.492381092
1518566400,8512,838.51712,0.98560448,158.5377024,591.0072269,0.53310656,32.98468096,233.5909856,0.348992,0.39895744,49.13007232,0.0055328,439.1627654,140.6264115,7.77239232,4.00064,29.64482752,73.18609088,5.50224192,5.57536,25.9598976,0.46807488
1518652800,9450,921.375,1.12455,212.25645,679.3553025,0.577017,34.5740535,274.200066,0.422793,0.44793,52.631775,0.0067095,481.640985,155.9360565,9.1764225,4.3735545,31.00167,81.5405535,6.008877,6.4769355,28.1747025,0.501417
1518739200,10035,928.7993597,1.10495385,221.3879553,692.3193665,0.58293315,33.55914735,297.6878736,0.4309029,0.44023545,53.5869,0.0072252,480.5461454,156.3853397,9.2297916,4.35519,32.55845715,86.6072682,6.0820128,7.977825,30.80745,0.5027535
1518825600,10150,939.753787,1.11041,227.554068,697.0809895,0.608188,34.49985,293.4658335,0.466088,0.4456865,53.5614485,0.007105,479.1154235,157.6986215,9.28116,4.390484,33.1258445,90.1310865,6.331773,7.8765015,31.658053,0.5075
1518912000,11049,971.7604339,1.1734038,227.1682134,740.912793,0.596646,34.69386,319.3161,0.47676435,0.47201328,54.77486505,0.00696087,487.8144549,169.4385143,9.61263,4.5555027,35.84140914,95.98089516,6.49846935,7.75010007,33.04059813,0.52184427
1518998400,10380,912.243186,1.0656108,212.6155122,683.6250354,0.5107998,34.1502,291.9747642,0.4436412,0.4331574,52.4000046,0.0063318,445.0864074,154.0737654,8.96832,4.0482,32.4180894,84.3689514,5.8213116,7.423776,29.052582,0.455682
1519084800,11159.999,939.1139159,1.107071901,221.8606685,722.7245484,0.523961953,38.54663655,313.0529263,0.438029961,0.44617676,53.92991397,0.006695999,470.2719791,156.4730068,9.756517526,4.375724008,33.04944424,88.1651081,5.996267463,8.03508768,29.92018052,0.514364354
1519171200,11182.1,879.0533954,1.022938508,228.953162,677.181714,0.454999649,36.53505169,296.7188126,0.36677288,0.387124302,49.29516964,0.007044723,433.1708479,138.9292059,8.711638647,3.855811722,28.8610001,80.3098422,5.5351395,7.889754297,25.40629031,0.463833508
1519257600,10444,839.6976,0.9483152,208.934831,660.6871267,0.43645476,34.47063088,305.2442814,0.3347302,0.37452184,46.01897944,0.00647528,420.4252044,126.743162,7.92375836,3.51576372,27.69059496,74.76368732,5.08037936,7.13043212,21.90775216,0.430815
1519344000,9800,799.807498,0.8869,192.274236,623.355166,0.405524,31.359902,273.957726,0.327908,0.347802,42.605696,0.006174,392.216384,120.927296,7.0266,3.278002,27.737136,72.108694,4.892748,6.447616,20.699854,0.40621
1519430400,10132,855.333308,0.94197204,206.9247215,622.4639794,0.42392288,36.07407412,277.5188236,0.33455864,0.36586652,43.89709264,0.0065858,412.9925797,144.6756386,7.59312344,3.47557996,29.37641684,76.48788648,5.17572956,6.6536844,22.12818668,0.42422684
1519516800,9699.5,833.4151822,0.899822615,207.5683301,587.7928038,0.3937997,36.76100801,268.4477268,0.315524735,0.342683335,42.82096462,0.006304675,389.531532,131.253731,7.16637858,3.290555375,28.02689924,71.6657257,5.069443675,6.510983365,20.43277271,0.39554561
1519603200,9536.720083,840.1753118,0.901220048,217.6886058,583.1737709,0.385760327,35.06642438,276.0881418,0.321387467,0.345324634,43.86204594,0.006008134,388.238158,129.3451993,7.206994734,3.324119152,29.56383226,71.18255553,5.26446022,6.418307983,19.59843661,0.407217948
1519689600,10300,867.259897,0.930399,218.566,620.99318,0.388516,35.1745,290.613676,0.370285,0.357204,46.2161,0.006283,401.742024,132.655863,7.479551,3.505605,32.65306,75.705,5.396994,6.64865,20.434582,0.413545
1519776000,10600.5,872.3555329,0.92733174,214.7555295,610.5513802,0.38713026,35.5582112,298.1118192,0.363279135,0.355858785,47.96736851,0.006254295,403.6150976,130.8364592,7.71673998,3.391417965,34.4960411,77.52686276,5.589113625,6.53118006,19.80544417,0.412253445
1519862400,10300,852.829597,0.879208,201.777103,581.95,0.385014,33.26797,282.220206,0.362045,0.330527,45.424648,0.005871,381.624991,132.614148,7.257586,3.208862,31.493074,74.23725,5.306045,6.220891,18.128,0.367916
1519948800,10942,874.6355302,0.913657,209.21104,620.0820458,0.39730402,33.48252,314.0351812,0.45146692,0.33624766,47.0506,0.00612752,401.6014905,139.6265946,7.588277,3.4100743,33.94394414,79.74671846,5.8577997,6.63074258,19.91728492,0.3846113
1520035200,11087,862.3110488,0.90092962,213.204673,608.1407978,0.38316672,30.68682033,344.8062543,0.43394518,0.3193056,45.24626873,0.00543263,388.0448891,146.3083759,8.038074999,3.315123869,36.76604417,80.94485655,6.063147689,6.660958729,19.12851197,0.39946461
1520121600,11475.408,859.278092,0.89554084,210.1467369,610.496181,0.367672072,28.90058554,351.6027142,0.429639276,0.347475354,47.34477931,0.005278688,386.8945283,137.8217157,8.26229376,3.597425654,35.50456809,81.03405261,6.326048168,6.87904808,18.64627571,0.421147474
1520208000,11522,865.313722,1.00656192,212.9392342,617.0034457,0.3519971,29.44493188,368.7785473,0.43944908,0.3635191,46.74751928,0.00530012,408.4196427,149.2092087,8.43375834,3.52987992,35.55873552,80.94239566,6.09870982,6.89810618,18.73223716,0.41387024
1520294400,11485,849.8742655,0.9447561,210.6006747,611.0450688,0.34374605,26.5875453,370.6357657,0.4998272,0.34856975,46.1180175,0.00516825,390.281777,142.0688758,8.10071505,3.452391,32.9199149,81.7798613,5.9680654,6.72917635,18.25115805,0.4003671
1520380800,10731,818.6054283,0.90494523,196.3773,576.0410458,0.3294417,24.78056175,344.03586,0.42269409,0.33212445,43.29411219,0.00450702,384.835122,130.38165,7.30040661,3.16575231,29.79075834,73.19014164,5.54502963,6.12171357,16.68691962,0.37708734
1520467200,9887,746.5180339,0.84850234,184.7882277,508.7458675,0.29374277,21.78442258,336.65235,0.36789527,0.3252823,38.86115011,0.0039548,346.275466,122.6452689,6.14427615,2.7258459,28.15273815,66.65429807,5.03782198,6.18056144,15.38506183,0.33240094
1520553600,9241.061538,693.0574368,0.799444234,174.3095233,485.9332737,0.327595632,22.03087553,273.1384255,0.310407257,0.304492978,38.12362973,0.003881246,312.8002299,111.632393,5.708573354,2.566889663,25.22846764,58.13671947,4.6852182,5.811241548,14.71500434,0.313179576
1520640000,9245,726.657,0.8239144,186.596365,494.429164,0.319877,22.10525725,283.6588805,0.30517745,0.30665665,36.508505,0.00416025,307.8444476,107.3251126,5.6163375,2.5131608,25.99019115,61.29425755,4.61833975,5.84977375,15.3058371,0.29001565
1520726400,8750.5,681.66395,0.769606475,176.8105904,478.12732,0.32271844,20.64680475,252.62676,0.29384179,0.28614135,32.91465573,0.003937725,283.113677,101.7732153,5.327741925,2.35650965,24.94898808,60.64184005,4.335960255,5.50826474,14.08812999,0.27214055
1520812800,9554.999999,724.2689999,0.8169525,187.4760751,530.3037421,0.34732425,21.39049185,281.5772505,0.31044195,0.30279795,36.10786725,0.00410865,306.7155,107.4327891,5.859794849,2.5150671,27.2118756,63.57342809,4.61917365,5.839442699,14.8024149,0.2910453
1520899200,9150.387,698.1745281,0.784828693,178.6880253,497.7925823,0.386969866,20.45321953,257.6662051,0.301505252,0.287871175,34.66377054,0.00402617,289.8072139,101.837036,5.44484628,2.408290355,26.45477536,60.3925542,4.41039503,5.580821031,14.19554438,0.29107381
1520985600,9135.05,688.7771063,0.774469539,174.2603965,484.15765,0.456935201,19.7049423,245.7054399,0.301822052,0.28866758,38.1656908,0.003836721,283.1783285,99.35527026,5.394703778,2.427274136,26.71079485,59.4691755,4.500565084,5.532460332,13.99370904,0.321188358
1521072000,8177.640177,611.2374697,0.684468483,159.7916615,420.7358254,0.388192579,16.89001624,213.8452906,0.246555851,0.244020783,31.3916709,0.003434609,247.3570147,85.17028599,4.783919503,2.196677704,22.98293061,52.03097161,3.88061737,4.931117027,11.67767017,0.290633332
1521158400,8220.466028,606.7525153,0.681394429,163.0738237,415.1335344,0.370743018,18.16640788,211.2979545,0.246613981,0.238640129,31.73099887,0.003452596,239.3390328,86.21534345,4.677527375,2.110111425,21.83881887,55.07366979,3.887951613,5.197389646,13.07876145,0.27957805
1521244800,8275,597.380525,0.67979125,164.5071655,425.498183,0.336627,17.56989375,215.5408283,0.248912,0.22665225,32.76031125,0.00339275,233.057431,84.579437,4.59502475,2.04946925,23.28576725,54.241301,3.830663,4.95283575,13.00209375,0.3017065
1521331200,7856.7,549.1834871,0.628064598,151.63431,386.9031129,0.278677149,16.1376618,195.553263,0.21448791,0.205295571,30.4442411,0.003299814,218.5730797,79.08970625,4.072677579,1.804998258,21.21010445,48.22167475,3.519880167,4.579827564,12.1150314,0.25612842
1521417600,8200,537.699502,0.649768,153.135,392.2798,0.28249,16.741038,209.086716,0.219022,0.21935,29.635538,0.003116,243.87702,80.286446,4.373798,1.799244,20.34871,50.513968,3.468272,4.411354,12.218656,0.26527
1521504000,8601,557.774678,0.72291405,162.1207651,411.9847176,0.2958744,19.5268503,216.6682211,0.24839688,0.24624663,33.14842602,0.00335439,255.062569,83.56241343,4.87496079,2.03654478,22.86730668,52.75646976,3.74848782,4.84038477,12.849894,0.28796148
1521590400,8890,557.3334802,0.6986651,167.9687268,428.6487744,0.3041269,19.9485377,222.7834,0.2531872,0.2667,35.2638741,0.0036449,258.2721911,88.7383798,5.1376199,2.1550249,23.114,53.0621875,4.0669083,5.0398299,13.5856091,0.2947035
1521676800,8895,558.1640964,0.6794001,168.738061,432.20805,0.28508475,19.45274235,216.5043,0.25092795,0.2513727,35.74411275,0.003558,258.5083579,87.7893804,5.2887891,2.1538353,26.38141365,51.87056985,4.047225,4.9767525,13.3350282,0.2958477
1521763200,8725,539.554,0.65324075,163.2166555,410.58105,0.2929855,19.63125,212.1990673,0.246394,0.2406355,35.09465475,0.00349,249.5349128,84.82698025,5.173925,2.08536225,25.388703,50.692948,3.900424,4.8003205,12.56216775,0.2957775
1521849600,8900,543.078,0.638219,169.099911,431.696725,0.276167,19.170956,214.710809,0.25098,0.23674,35.543307,0.003471,258.1,81.585054,5.111359,1.979983,23.555986,54.273891,3.892682,4.73836,12.03992,0.275811
1521936000,8537.53901,520.7045042,0.627850619,158.7549403,421.3679327,0.277384642,18.26008843,207.0532498,0.240331723,0.23205031,34.33294475,0.003415016,240.1549107,76.85142578,5.125938422,1.960389707,22.59690213,50.97610867,4.073601363,4.721173697,11.8568488,0.267822599
1522022400,8464,523.6229054,0.63598496,159.9826346,411.586207,0.2860832,18.00707536,210.540815,0.25121152,0.23893872,34.07073168,0.0033856,238.0432288,81.9226328,5.4216152,1.97532832,23.58358176,50.57045328,4.0745696,4.73984,11.67177136,0.27601104
1522108800,8155.432117,486.962809,0.589963959,147.7818125,388.6162084,0.263420457,16.39241856,195.7391787,0.24931156,0.226150133,34.84816144,0.003180619,224.7211378,74.055646,4.901414702,1.808874844,24.42013661,48.03590294,3.813724721,4.37065918,10.91637211,0.254449482
1522195200,7771.0599,446.4323154,0.5682199,134.9056776,350.2582221,0.245643203,15.71751262,186.5054376,0.234375167,0.214403543,32.51411462,0.003030713,214.4680424,67.53346354,4.397565087,1.684454944,23.52711698,45.62249388,4.285506403,4.108015395,9.791535474,0.246109467
1522281600,7950,446.3946465,0.5739105,131.598576,350.5426095,0.25281,16.1090055,200.084328,0.258852,0.2198175,33.083448,0.0031005,210.6205425,67.3198845,4.5768945,1.8998115,23.362824,46.5718155,4.3312395,4.240212,9.65925,0.25917
1522368000,7084,382.9970976,0.5026098,114.4428701,326.6927572,0.2210208,14.69915832,175.0003732,0.21230748,0.18850524,26.69718744,0.00276276,186.0018961,56.61518632,3.85681296,1.63597896,19.41908584,40.61264284,3.60348912,3.64131768,7.8398628,0.22357104
1522454400,6850.5,394.3045043,0.5000865,118.445145,309.9977984,0.22113414,14.30761178,172.248972,0.192293535,0.187909215,25.92612828,0.0027402,189.8306432,55.26949148,3.68762415,1.52423625,17.47877673,39.04798701,3.716053725,3.553559865,7.39854,0.218736465
1522540800,6911,394.3948056,0.49883598,115.736651,303.5691996,0.21783472,14.24529875,177.4737889,0.1990368,0.20449649,26.05460822,0.00269529,183.245165,57.962557,3.70166982,1.50666711,19.32205024,39.84841134,3.52461,3.6068509,7.42711348,0.21776561
1522627200,6796.5,376.6397375,0.478949355,114.181268,290.210482,0.2079729,13.57478538,173.9904,0.19329246,0.20457465,24.41431934,0.002650635,180.7902303,55.51150119,3.38275398,1.41435165,19.24483347,39.68850158,3.615262245,3.48809973,7.0479705,0.2093322
1522713600,7050,385.465659,0.494346,119.25075,311.6099295,0.225036,13.9957305,177.2156385,0.208398,0.2241195,25.5767655,0.00282,192.6778395,56.6747385,3.6525345,1.671837,21.1973055,41.8421025,3.8114415,3.7506705,7.7832,0.2338485
1522800000,7400,415.040544,0.547156,134.198926,338.574716,0.255004,15.095926,188.053462,0.21867,0.233322,27.285058,0.00296,205.127408,64.925454,4.017904,2.020718,21.828372,47.138,4.116546,4.03078,9.938274,0.264698
1522886400,6803.461033,377.8983792,0.490461506,118.3718537,298.5383194,0.224582249,13.64025903,169.0660067,0.196279851,0.203219381,23.86592899,0.002721384,181.3123046,62.70695607,3.560659366,1.888572748,19.37026998,42.50101697,3.790276176,3.574470392,8.286615538,0.297107143
1522972800,6780.87391,382.4412885,0.491409932,118.3947366,299.7153049,0.222819517,13.6802775,173.0963176,0.195967256,0.196984387,26.30158591,0.002780158,182.6484669,61.36602737,3.511678981,1.723969383,19.5967256,43.49930613,3.980372985,3.523070849,8.516981057,0.254554007
1523059200,6600.427,369.8681938,0.470940466,112.933306,283.261351,0.218078108,13.15458501,161.13068,0.186066037,0.192336443,24.09677289,0.002706175,173.9597319,55.77380616,3.503572656,1.78211529,18.90276487,43.89283955,3.773596124,3.379022598,8.20710294,0.236295287
1523145600,6880,385.9656608,0.4837328,115.6325728,295.7562016,0.2209168,13.451776,168.497736,0.1931216,0.2011712,24.5524496,0.002752,179.5679312,58.3424,3.7060496,1.8556048,20.2656592,49.88,3.8618816,3.5255872,8.5777088,0.2395616
1523232000,7023,399.4044712,0.49898415,117.4246302,311.4139362,0.23520027,14.12318277,173.0503017,0.20479068,0.2057739,25.07822001,0.00273897,183.6284848,60.3978,3.78286872,1.90337346,20.91442377,49.53033957,3.95071842,3.644937,9.1299,0.25240662
1523318400,6769.001,396.8670025,0.484863542,114.3961169,298.7992728,0.227641504,13.53475288,166.6570691,0.254311368,0.196368719,24.49992529,0.0027076,178.0923486,58.98135176,3.592850351,1.812941538,19.61074356,48.84362204,3.891430985,3.481703354,8.691126524,0.239013425
1523404800,6840,415.0734984,0.48906,113.8498164,299.8976796,0.2346804,13.6342404,164.8791576,0.2932308,0.199728,24.7198968,0.0031464,179.9426844,62.7227316,3.7277316,1.8415332,20.2887396,51.3319428,3.8647368,3.5996184,8.5860468,0.2539008
1523491200,6948.293689,430.6552429,0.538840176,118.1209927,308.9976381,0.245830631,14.50178376,168.8921747,0.280085719,0.211645026,25.25412928,0.003335181,184.0106195,68.27372534,4.064265428,2.015144136,21.0471459,52.40403101,4.028273266,3.813154094,8.769927846,0.262437053
1523577600,7914.9999,495.9538937,0.642460542,129.8454151,355.6484106,0.277499896,16.2051708,191.5539994,0.298237196,0.244810947,27.89800015,0.0037992,216.0791807,76.07747519,4.522947543,2.770249965,26.27764137,61.81472452,4.429946294,4.180465497,9.826788976,0.293646496
1523664000,7860.402462,493.2402545,0.639993968,125.3033831,352.3678509,0.280930784,15.60486399,188.5530547,0.503144362,0.245087349,29.34013125,0.004008805,227.4155133,76.71682059,4.647777372,2.688257642,25.68976035,58.16697822,4.371327017,4.306164281,9.808288796,0.287533522
1523750400,8004.99,503.911639,0.638798202,126.3821417,357.6121215,0.306431017,16.07706182,190.0704025,0.436352005,0.254558682,29.26696389,0.004242645,221.738143,78.36388901,4.73094909,2.654614784,26.28974801,59.98066962,4.53082434,4.700850328,9.983023029,0.301467923
1523836800,8359.16,532.1442092,0.690800982,132.5871445,382.0395254,0.35894233,16.83367641,202.1093587,0.435846602,0.293322924,30.56694037,0.004597538,232.4007812,80.70334304,5.064982227,2.803662264,27.59091223,64.07864563,4.764637608,4.930984892,10.51172729,0.323081534
1523923200,8063,512.1615181,0.6651975,128.6669351,364.2095802,0.34316128,16.18195722,194.9104467,0.41048733,0.28470453,29.08541801,0.00459591,224.63518,87.55821338,4.86182774,2.66474087,26.4917928,62.1568607,4.48133477,4.87126145,10.68371689,0.3128444
1524009600,7897.860521,503.0505139,0.65741791,132.5971803,364.5830118,0.341582468,16.11155648,196.2768399,0.422140645,0.299723807,28.85609707,0.004659738,221.6766752,99.55513816,4.994133122,2.796474453,26.69476856,60.61900171,4.551694976,4.691724043,10.47469547,0.331078313
1524096000,8178,527.481,0.7139394,140.9289388,424.0719892,0.37545198,17.66448,230.2838113,0.44962644,0.3528807,32.84170308,0.00539748,247.58895,102.4281415,5.60626434,3.05219316,29.30987022,62.07968868,4.9068,4.98849822,11.3682378,0.36081336
1524182400,8284.98,569.2449029,0.781936412,147.3069444,434.0898701,0.385831519,18.41751054,237.0026234,0.448714517,0.366610365,38.24901862,0.005882336,263.5018834,109.0457469,5.789544024,3.100156666,29.95848768,62.15855955,5.10346483,5.135776252,11.7646716,0.38119193
1524268800,8851,616.9147,0.92466397,155.0883726,462.9073,0.40440219,19.6385988,270.8406,0.46361538,0.39156824,39.63840691,0.00575315,282.7050115,112.4381474,6.01797192,3.27478149,30.75678245,66.91356,5.6194999,5.28820697,12.38148688,0.39705586
1524355200,8887.725,605.8306192,0.862020448,148.5138848,444.3863389,0.381994421,18.55552562,254.4379691,0.523309248,0.372928941,38.40403748,0.005421512,269.5907403,108.6702136,5.779954199,3.075597236,30.61296887,66.75116974,5.332635,5.092310916,11.63385427,0.3723068
1524441600,8805,621.117027,0.85945605,147.30765,467.8154613,0.3888288,18.80492655,269.344862,0.56695395,0.36708045,39.89695185,0.00554715,272.065695,106.2148031,5.74869645,3.0502281,30.37504875,64.4527761,5.47221945,5.133315,11.57161905,0.38257725
1524528000,8935,646.4800414,0.87232405,152.1413379,504.1449553,0.396714,20.38886585,283.3803156,0.6000746,0.37160665,42.38183225,0.0055397,298.2301069,107.0460355,6.12056435,3.238044,30.3711372,65.49524765,5.6671131,5.602245,12.3092134,0.39716075
1524614400,9650.870471,705.6622875,0.925711496,164.7114063,523.0773726,0.427533562,21.97686573,293.3803823,0.613505836,0.393755515,45.26586381,0.005790522,315.5755507,110.6942297,6.620497143,3.476340052,30.400435,74.95406457,5.949761646,5.922256665,12.87850759,0.415469974
1524700800,8865,616.7396457,0.7934175,145.2524045,462.8963471,0.37436895,18.6285564,254.8245137,0.51975495,0.3370473,40.43264445,0.0051417,283.103775,95.0627637,5.76225,4.22656605,27.1841679,77.7887793,5.1326577,5.08851,11.036925,0.3689613
1524787200,9285,664.889565,0.8488347,154.1898669,503.7081859,0.4025976,21.0139977,266.5034553,0.547815,0.38597745,43.40041125,0.00566385,303.0332451,102.97065,6.17164665,4.1134407,29.712,84.8559864,5.468865,5.61287535,11.7817365,0.3947982
1524873600,8940,644.574,0.8070138,145.9453212,472.8364212,0.386208,20.6826006,249.8730894,0.5802954,0.387102,39.853179,0.0054534,281.8320696,104.8506444,5.9818434,4.2879816,29.5085262,83.2472238,5.1854682,5.474409,11.2090614,0.3757482
1524960000,9351,682.8396627,0.86478048,152.4380383,499.1369299,0.42004692,21.73565142,260.3347388,0.60173685,0.43023951,41.70546,0.00542358,295.11756,109.8056137,6.45219,4.38711516,30.22130988,86.68947411,5.5591695,6.46303716,11.8795104,0.39760452
1525046400,9400,688.926,0.866398,153.495702,499.703342,0.426572,21.802736,254.75175,0.590132,0.455806,40.493602,0.005452,292.144292,106.170086,7.14306,4.207628,30.587976,83.659248,5.661338,6.9842,12.925376,0.402696
1525132800,9254,670.8730794,0.83295254,147.9715525,472.8612622,0.4057879,21.7469,242.4548,0.55375936,0.42549892,41.14383924,0.00527478,284.4565776,113.2260214,6.806317,3.89630416,30.07559254,83.89944766,5.77005408,6.66769208,13.51074746,0.3919069
1525219200,9082.504143,671.4786138,0.835681206,148.1261059,478.458689,0.40498886,21.58738667,239.051509,0.571017035,0.435869374,39.21825289,0.005177027,291.8175884,111.7150734,7.196068033,3.93535822,29.13685494,80.58351893,5.971655649,6.816237709,13.29587782,0.395724706
1525305600,9232,685.8208152,0.85682192,151.4745016,484.95696,0.42217936,21.5922632,249.264,0.70643264,0.43870464,39.42064,0.00535456,293.2691589,116.6134541,7.614092,4.0648496,28.94232,82.51626224,6.03274272,7.4774584,14.19816976,0.41922512
1525392000,9754,780.7244984,0.88361486,161.5601839,504.9643849,0.43298006,22.7892456,244.7043529,0.80743612,0.4345407,44.23946208,0.00546224,308.8723099,121.4146707,7.65815802,4.0713196,29.22191106,83.98194,6.07215762,7.80310246,14.40997436,0.43912508
