portfolio,total_fees,taxes_owed,num_trades,num_trades_saved,end_price_HODL,end_price_rebalanced
OK-PIVX-AUR-BSD,1650.892601175766,25731.326630843647,528,0,17884.65392322262,52772.73499798487
BYC-ERC-AMP-XST,1519.6066790971124,18142.078196472205,624,0,23131.426719775678,54123.15291224609
GRS-IOC-RBY-DASH,2397.165743568483,30684.15638324716,620,0,66378.39998046476,87092.91751206516
VTC-SYS-DOPE-XMR,1821.5266987903642,31269.22213791957,556,0,25548.242442626542,71654.59389900415
ABY-ETH-NXT-DGB,905.2182997993141,15775.029448071662,474,40,15068.624924065127,34915.43695458325
AMP-VTC-EFL-RVR,1290.0123285505313,16711.680963432224,596,0,17600.979151890017,35934.95109894442
BYC-SBD-EMC-DMD,1525.2386143709218,19607.438626387026,562,0,17507.93343690012,47377.65081169935
RVR-NXS-LBC-XST,2820.2347683700536,36162.49461279901,636,0,22433.380566192413,69055.8566616171
ZCL-RBY-RVR-CLOAK,5970.233839939239,65808.29561550458,722,0,30471.330554579246,162669.89262033103
SLR-BCY-ETH-XRP,386.7876347251851,7070.886547350252,363,19,12056.272909812422,18166.71681265122
WAVES-XVG-FLO-MONA,3107.957321497284,44746.50294484988,584,0,84020.04510073291,113604.95857437958
FLO-XMR-TX-EXP,732.2604639767764,9665.651834556184,540,0,13341.154076246363,25568.15429410616
RDD-IOP-ZEC-PIVX,935.6363975832354,14098.858564402417,538,0,15200.998444111417,34844.689862103485
AUR-BRK-PPC-SPR,1003.9737194571484,11264.689598778643,564,0,9063.127652557552,27376.51299126196
DCR-BTC-XMY-ABY,678.4445379753749,14966.950274528332,377,103,18254.51934350312,38884.32142705433
VIA-NLG-ABY-STEEM,923.8925769526395,12264.928017288476,544,0,15469.614517283786,32159.19090726216
AEON-XMY-ZEC-RBY,1258.3053257059464,16744.420382494674,556,0,13265.243788763513,38189.53934543155
LBC-GRS-DASH-FLO,1638.7686523506782,22595.08692928065,580,0,66396.2861247752,73111.91804262603
IOC-ENRG-DASH-XLM,950.5728261196842,14618.65691738837,540,0,18414.615313825172,33036.88963968463
BURST-EBST-OK-NLG,3355.514807845414,41154.748553100704,674,0,18418.940409997096,88365.02800506851
REP-EBST-VTC-AEON,3431.337603367271,45541.30098101273,650,0,22894.475123915945,100942.44875745784
XST-NEOS-ENRG-XCP,1559.8394985027874,18991.55365042167,590,0,15632.051778546518,37949.55155657429
LSK-EBST-AEON-VRM,5803.700132552932,72476.14991851023,718,0,27654.8243982189,138714.4056367506
POT-DOGE-IOP-LTC,573.4409858863507,9015.550070734203,494,0,11582.040452421104,21515.068343129155
RDD-NXT-DASH-XCP,1227.8172532536807,20219.6115547737,530,0,17270.275946961727,37952.83142613512
ETC-DASH-MONA-LBC,854.7695753180733,13615.183077168114,464,0,27671.142871264856,32080.829963684573
VRM-SLR-XRP-ERC,1321.3119906232107,21450.84100846028,528,0,15483.845246964276,42261.72019666484
EXP-BRK-AUR-XMY,1160.5386671308916,15039.459216057581,512,0,10218.705342330444,28836.252532224058
VIA-SBD-STEEM-XCP,943.8172552743605,13191.367404276823,516,0,14616.097153157378,32281.2152750787
AEON-AMP-EXP-EMC,822.9448117660264,10611.486086512125,552,0,12679.586599333292,25279.056242752802
PIVX-DASH-PTC-CLAM,652.6256132836675,11491.275523188566,408,0,17607.633092683398,26901.178792526967
EXCL-IOC-XMY-BLK,1225.3020629644304,17808.8621541813,540,0,14159.339732755272,31918.34649411246
RDD-BLK-WAVES-XST,1359.8446588213703,22076.9108228358,530,0,22578.476924555653,51688.62855870088
ENRG-XMR-LBC-NXS,1037.064872762691,13661.62987665074,560,0,16162.399599602018,32037.14676916921
NAV-ETC-NEO-AEON,2495.3781061071086,38883.50939121019,582,0,108076.97581085608,96117.9746608038
XMR-DASH-DCR-ZEC,250.9292320928759,5302.683122836591,310,0,19906.874897222548,23737.378947913265
XRP-DOPE-LTC-VTC,1837.889355293494,32649.70296318704,540,0,24761.62104052215,71107.57048055484
STRAT-GRS-RDD-RBY,2803.378892773091,39683.45051421808,636,0,70002.95923165733,127529.27021572868
BLK-EFL-BURST-ZEC,490.00178778110063,7464.003460975103,446,0,11467.575231728577,21476.12935652877
RVR-ETC-SYS-SHIFT,1013.8788027935293,13685.80957281378,552,0,15126.083491755711,33540.47299024072
DOPE-AMP-EXP-GRC,806.6538167964674,9411.515606361678,518,0,9721.687370113399,20361.597388319493
BCY-RVR-BURST-VRM,1118.011351452255,15762.207330858753,542,0,12278.27915159044,27788.025868706987
BRK-EXP-IOP-RVR,1523.5206824852621,17954.37413741949,636,0,9093.168079199035,29515.064769954002
XLM-CURE-SPR-XMG,1950.1774706914441,25536.20184370524,636,0,19958.057023323687,61020.77787998729
ENRG-LSK-VRM-AUR,1420.297238889589,21648.97088090709,572,0,19966.7764865638,40953.603067928394
EFL-DCR-NAV-LBC,691.5052073451265,11019.484682009084,494,0,17417.207147742993,31575.73839116431
ZEC-AEON-XCP-NLG,630.0356128970074,7852.910766036922,534,0,11223.284821479781,20373.137828751194
CLAM-XMY-NEOS-PIVX,776.4960316862987,11029.94520186965,502,0,11176.250014308447,22147.39633054096
LBC-EGC-NXT-NEOS,1127.1199275305473,14309.038156451968,546,0,10969.753074497032,26198.486430271296
ERC-BSD-ENRG-EBST,2397.71130088009,30216.323430980334,612,0,18354.812811107073,70574.20372145351
DMD-RVR-IOC-PTC,2034.6789308772304,24923.108095374835,582,0,18335.240154594685,44609.32299314566
NAV-MONA-EXCL-AEON,3444.2476113114453,47947.18169450599,600,0,37160.17921669545,106766.9472401878
SYS-EFL-BLK-CLAM,499.4556167678759,7479.6337814705375,480,0,11524.626571831588,20529.17583842574
XCP-RDD-PPC-EFL,843.7098725078272,12953.204579905681,506,0,15074.099642747526,31450.844778734277
XCP-BURST-NEO-POT,1677.248102891624,28713.10427883194,552,0,103431.52358431694,57737.35809314209
AEON-CLAM-RBY-XMR,783.6460277746052,11446.26423969663,464,0,14776.800443811042,29066.754483531942
XMG-OK-BLK-XRP,1546.5325344807547,24625.426250456192,544,0,15929.325398206223,49415.29840311225
EMC-DASH-RDD-BYC,1259.8685895964422,19678.750715834423,544,0,22142.990196010174,53436.34020054427
PIVX-CURE-MONA-NLG,1303.9374451991437,20320.527547639558,512,0,30558.409910323906,49075.26923480124
IOC-BURST-BTC-TX,769.2096734554806,12971.533128156889,418,108,14153.765917548804,31625.891378598975
RBY-XMY-XVG-SYS,2817.7205713487915,42011.7710797322,600,0,69500.19779110845,96298.15436036114
BURST-SBD-DOPE-REP,1610.5576356127842,20699.905527498202,574,0,13654.832273360487,49471.81318181281
CLAM-ABY-XCP-EMC,688.0226258847593,9392.908601313897,538,0,10274.956688624756,21466.392548356544
ETH-DCR-POT-NEO,910.3593499198457,19768.87372547608,397,43,110296.87701030131,69020.06275788273
DOPE-ERC-PPC-SPR,1636.2016153461454,18676.964195127468,616,0,15303.209844345316,49222.28302100352
ERC-PIVX-DGB-CURE,1014.5498367400784,15487.551129927757,540,0,18179.4467246579,44156.008448901644
DGB-EBST-XLM-PPC,2050.6700955487913,30297.9563969041,602,0,22113.37183290212,77316.1725497116
XRP-DCR-SLR-DMD,770.6901847097655,12633.941916319283,506,0,18213.788323627035,34326.52984984336
BURST-ENRG-RDD-PIVX,904.5119516598569,13358.24761355686,522,0,17728.06962145179,35655.41966228951
LBC-STRAT-XMY-DCR,768.8980125621611,11409.57340605908,506,0,14890.459789248502,28294.27197045788
SBD-XRP-GRC-RDD,1004.0080495443295,14642.43967776983,518,0,14541.199218518275,34573.76647256658
EXP-EFL-XST-BLK,1053.5280538886443,14824.114675732248,510,0,17376.03830907051,34200.71336313396
DASH-AEON-OK-BTC,1285.0448776798555,25201.985808536538,413,109,21385.374354089166,55782.292014406805
RDD-NXS-DOGE-PIVX,1061.545094698687,16044.168147945393,524,0,20856.206885193424,42631.67981543729
REP-STRAT-DMD-DGB,741.2360252895745,10887.78561042488,506,0,14355.737007778605,29192.61453976784
BYC-BRK-SPR-DMD,1916.4354155115727,19321.10853909342,584,0,15906.70689760521,44010.41538035753
BCY-TX-NXT-RBY,910.0046088207755,12947.870716379979,522,0,10160.60375573609,25915.769824292198
REP-SBD-DCR-LBC,580.9991786484505,8000.067323270921,476,0,13068.56491904883,25381.20784247609
NEOS-CLAM-BSD-OK,1221.8643362138978,16850.617164256648,560,0,13953.459613808864,32933.90660526733
XMY-SYS-EGC-SHIFT,1544.4610703892217,22860.394107805285,580,0,18096.617711766186,51754.311393687625
VRM-AMP-SHIFT-ZEC,805.087661793377,9789.235453756464,550,0,12191.45273222493,24174.903107802926
SEQ-ETC-TX-DOPE,1765.6792919431011,25833.11168102249,592,0,18055.18921098713,52439.86942616195
ERC-RVR-STEEM-DGB,1277.367170435497,17846.889981833236,570,0,17695.607339647664,47951.22106968039
AEON-ENRG-DGB-REP,963.8667377932325,12725.314353172465,574,0,13429.340035613064,35278.774594598435
EFL-MONA-VIA-BRK,2164.51837852816,32508.883380260344,542,0,34143.456860351245,76293.19508513092
ZCL-AUR-XVG-SLR,5445.617016233839,63106.083634255694,660,0,68984.59547414083,152060.4133785001
XCP-SLR-XMG-ZEC,723.6189187152395,10737.467296988845,496,0,10328.33040213399,23029.021917125596
POT-XRP-LBC-IOP,664.6075813665979,8978.738765729704,564,0,7409.0673823655325,19167.260384291647
RDD-BURST-MONA-EFL,1799.7858297395103,28724.822936766766,516,0,35214.86109732951,75282.06600069089
EXCL-STRAT-ZEC-DMD,962.2228412662656,13063.254556621512,538,0,16715.957750160724,32601.75017191838
ETC-EGC-DOPE-XLM,1456.5630456624933,24396.721841443483,542,0,21679.422572222113,59434.6289261417
EXCL-SHIFT-WAVES-SYS,938.5451191772006,13674.639342838796,542,0,19279.87411901314,38257.71777008516
IOC-SBD-SLR-RVR,1444.7409329038894,16888.608479161285,574,0,9602.134488573605,30274.53943576751
NEO-GRS-BLK-NEOS,4842.5576287489475,69914.50040188897,652,0,157533.33809913223,199603.0888085373
ABY-VRM-RDD-AUR,1881.3000099907822,27379.166488045776,598,0,15469.59821995615,52482.62587355776
XST-NEOS-GRC-BURST,1124.000932122561,15291.062014413423,552,0,17902.487749881686,36355.76058408663
PPC-XVG-ABY-XMY,2377.2852818415563,36081.86983291235,572,0,67040.55359019442,70086.44417109381
PIVX-BRK-EXCL-RBY,1539.316031483816,20576.864413839274,570,0,16845.05281504936,44447.38782227406
IOP-SBD-CLAM-PTC,1160.581007063983,14231.960387914225,560,0,11116.139702186385,30448.234502286396
BTC-EXP-XST-ERC,1012.6773099159839,17207.062337951018,442,100,22869.169110953684,47340.17274174167
ENRG-XMY-XMR-SPR,1350.5361336474098,15653.489940272293,582,0,13598.699460617714,36949.85028392411
ZCL-LBC-EXP-EFL,1528.2793715382008,17471.266606034173,612,0,12520.431613615227,41268.73535116385
PIVX-XMG-BYC-DOPE,2141.176808567315,28513.72763819338,548,0,19516.024544077023,62889.18535164055
SYS-ZCL-SPR-XLM,3062.4494291916662,35088.40114827844,718,0,23049.527669085182,101454.22920276433
SLR-XMY-AEON-GRS,3948.226127519005,53874.88795261439,660,0,69457.75506981913,142293.85570189584
SYS-DASH-LSK-BYC,940.4592950498511,16197.748159454368,470,0,27135.45656581535,44208.93801665507
DMD-BLK-IOP-ETC,770.0941487584242,9945.674456792198,556,0,9716.790980102825,22395.396346877715
ETH-NEO-VTC-XST,4488.13699085598,81624.26851934992,542,28,121215.80849193205,204728.6689864965
CLAM-STEEM-RDD-LSK,875.6124091014979,14574.433935435925,478,0,25499.399009424516,39974.594935649526
TX-NEOS-ENRG-VIA,1120.2325967663337,14265.859309096693,546,0,13507.669611058813,30921.218027899544
NLG-SBD-CLAM-NEOS,558.465907588528,6893.70615279588,470,0,6450.521282751763,15450.79302804133
BYC-XMG-XLM-PIVX,1444.5492252582774,21603.14054101427,554,0,24504.57142098403,57712.330715678414
POT-CLOAK-ZCL-NEO,9418.200329849185,118767.5697396098,690,0,122647.30113605352,308776.8740007786
XMY-LTC-ZEC-CLOAK,1584.2004048888584,22464.042655992307,558,0,31690.745240855445,61773.03899925494
MONA-WAVES-VRM-EXP,1351.252602333189,20237.467973647796,522,0,27767.76778607003,41325.811814337634
RBY-XRP-RDD-DOPE,1947.725958614972,29201.26131496856,566,0,18264.335510222914,66794.24628659457
AMP-SYS-FLO-PPC,392.14198538839463,4876.040132021788,486,0,10472.894562714311,16855.37432835876
VRM-EGC-WAVES-NAV,1414.4456372119437,23357.069552425084,502,0,15792.415731240977,44059.6739533214
NXS-RDD-RBY-BYC,1761.8397007648703,21724.2426325733,616,0,21364.441596471217,60303.03767889048
BYC-WAVES-ZEC-ABY,624.5651067474711,8544.34438682839,482,0,12356.422420517656,22926.84563024404
SHIFT-VTC-DOPE-EXP,2124.4240794535976,29656.401824891425,592,0,20700.86299191705,55573.81974648138
POT-XMG-AMP-ABY,845.7752426403151,11553.213243732724,526,0,9359.04017041127,22985.772522179017
ETH-VIA-ENRG-STRAT,652.3739764109012,9313.07755211958,481,19,16336.724760476507,27512.68896605398
VTC-ERC-EXCL-SBD,1984.8883807263596,28829.003679674955,554,0,23521.84937136194,67019.47173152863
EBST-BSD-VRM-PPC,2700.3677927334033,34422.81214067406,632,0,16410.160592614608,68567.3789302661
PTC-PPC-EXCL-IOC,1095.7967198537515,15586.31301214391,518,0,17923.595970499784,32564.06502972159
IOP-EGC-SHIFT-EBST,3765.7150265215405,47706.72089170369,680,0,16252.278026403099,89396.9468100504
IOP-EMC-CLAM-BCY,567.6395893144806,7497.888919771337,552,0,8073.183794639386,17896.716646610403
NLG-DGB-XVG-EBST,4521.658508353003,59693.217167368886,678,0,70515.56707067687,138487.2735656357
MONA-REP-NEOS-LTC,1185.6652725470337,18209.586412821463,462,0,31342.181762599997,46961.05072831745
STEEM-BYC-ENRG-BLK,779.6189675023103,9344.408213636643,558,0,12976.181988522652,26033.603440882795
ENRG-RBY-PTC-GRC,930.4239168472644,12561.752313551391,502,0,13020.716173772786,27697.754029314427
AUR-BTC-RVR-XLM,783.0801835535009,16138.896550457785,378,94,20854.127094937172,40358.673093337595
RDD-ETC-NXT-BLK,823.6314707553178,12849.877670698312,492,0,14403.193793076965,29122.10972895149
BRK-EFL-XMG-DOPE,2560.9532181602276,36351.763247356095,556,0,16726.729735478395,66721.24163407736
VRM-DGB-LBC-PTC,1273.7192438713796,20141.69309892035,532,0,16401.6975031259,38033.951128875306
BRK-RVR-DCR-ETH,1145.9127434236273,17051.66762848979,524,0,19481.282519968026,45941.577545596185
LBC-EXCL-AMP-STRAT,597.5750813572869,7697.218091618248,490,0,11860.395482372678,19344.82131609281
SHIFT-IOP-XMG-DASH,1505.996986144542,21945.011896865275,590,0,14576.623807327243,42604.32142419675
AEON-LSK-SEQ-NEOS,2248.861932715487,28598.912630714225,584,0,27090.082758838882,59812.56101573384
PIVX-NXT-ABY-AMP,860.9458454906691,11901.31168997745,512,0,11880.089102379272,24651.063497701754
ZCL-DMD-BCY-EXCL,2591.040688196899,30838.05288106318,644,0,19258.85292961445,70905.6883792491
LSK-ETH-DCR-XMG,887.2538093971218,16799.11250712434,436,0,29236.686675329474,53155.667955668076
DASH-AMP-XCP-XVG,1611.227911115232,21839.430297314688,588,0,66205.51800440307,48619.99718667321
XLM-SYS-SEQ-ETC,905.8215610587852,14723.891140879567,542,0,24402.70807677649,41952.64727682293
CLOAK-SYS-REP-MONA,2525.0572941859027,35788.27098396462,596,0,46414.4169207277,110302.44509332202
DGB-MONA-LBC-VRM,1916.900166239474,27312.340348967922,594,0,29235.68747189144,58069.75076426715
ZCL-XRP-ENRG-EXCL,2403.026424129754,29413.482731200027,650,0,17743.405261362146,72280.62772380655
DMD-BLK-RBY-BTC,573.5180243805567,11084.103810305582,349,77,14321.047088926345,26835.491906142946
DASH-BTC-STRAT-ETH,232.7541248379572,7307.076255181329,205,115,17229.234334842917,24196.63943799181
BCY-DMD-LSK-NEOS,872.3435524679369,12959.951603372909,478,0,20703.417297520748,25482.715604231198
BLK-AEON-SBD-XMR,1261.18600983793,16137.775055961785,568,0,15183.314807004774,38433.531591523075
LSK-XVG-TX-EFL,3815.4340609377186,58520.54183126632,626,0,78698.81183870374,134162.3527556861
LSK-SPR-EFL-DGB,1249.3883728776204,16594.401026297644,590,0,21942.210373442475,43596.08027049812
ZCL-IOC-DOPE-XCP,3486.655576988767,34586.62610931105,728,0,15101.001484027696,75879.32035079264
XMR-AMP-NXT-XRP,689.3862572101613,10164.624070136426,494,0,14406.10547539982,24023.11645639367
PPC-BSD-EFL-BRK,997.6831062159059,14812.220818446183,518,0,13880.262031955455,34243.606907637186
BYC-DCR-BRK-STEEM,1053.6558717268476,14131.565316109563,524,0,19958.05860716541,46826.655381640456
XCP-SHIFT-ABY-DGB,1006.6700110216275,13404.487329806172,570,0,13010.982235492924,30191.202271074497
EXCL-ETH-TX-PTC,1584.6024070008439,26525.72101491589,524,0,22834.617264294895,59292.01478725039
CURE-NXT-XMY-XMR,1474.4276593919885,23904.493004974593,514,0,17327.499180251692,44173.894799602494
SEQ-RDD-SLR-TX,2015.8953415924923,29931.565694337423,592,0,20895.86368800955,62471.60747162984
EMC-ETH-DMD-BCY,677.703487359847,10877.323742352817,454,0,16919.815314540356,28552.03159910673
ETC-EGC-IOP-WAVES,829.8507775265163,11202.952069537658,558,0,9416.301170253791,25781.92426048171
BCY-RVR-XCP-NXS,1152.0795107963934,13931.111353867178,568,0,13076.074060633011,26978.670854097414
DOGE-BYC-XCP-OK,1203.9102344698128,15045.685992529918,582,0,15692.035331026356,33866.144467277154
SBD-NEO-GRC-XMY,3201.1550913005367,45403.58291693222,596,0,103744.83358628993,90664.07201121793
IOP-XST-BLK-ZEC,1203.5007666643016,15328.186434032545,600,0,15423.352479701405,37570.789192075965
SBD-BLK-XRP-NAV,995.4992688749578,14459.493546094978,506,0,11924.853395219383,32539.993412722964
PIVX-SYS-XST-DGB,1431.3075794925146,21364.862706482305,582,0,23959.88618097254,60214.29450873808
XMY-DOGE-SHIFT-NXS,1447.9769348859336,18635.4668899341,588,0,17569.708716637866,42742.14888612777
ABY-ETC-DMD-XLM,978.264693213598,16944.079860685375,520,0,19804.504056278176,37465.59824208311
PTC-EMC-EFL-GRS,3741.5955391522402,53650.641490493996,676,0,74122.90131625168,165793.37334765703
EGC-DOPE-XRP-SBD,1868.5306764374175,28011.327813257263,524,0,14851.046697439037,55598.08046551803
PPC-IOP-EXCL-EMC,1079.1511233159824,16139.592662227235,566,0,14607.995951760859,36894.61429593898
PTC-DOPE-ERC-ZEC,1667.8813840942048,22528.508765686103,566,0,20898.765674741866,60317.917364495705
STRAT-VTC-DASH-XST,1895.228736464034,29251.867816373953,590,0,26524.568585800494,66522.4300638717
IOP-EXCL-BLK-PTC,1273.5225060658445,19084.152542984175,548,0,16674.745890370632,38477.56236388272
RVR-LBC-ZEC-MONA,1367.466581185673,17889.26145416888,554,0,27437.58399622158,41220.42436464474
POT-NXS-XCP-DGB,872.8060583781746,11718.498996039138,578,0,13782.012127447799,27734.65940678115
IOC-XCP-SYS-DCR,594.9837518198859,7989.433595113133,492,0,15574.769247458635,24603.155201327812
VTC-POT-SPR-BURST,1233.7654617443643,15785.596834096857,632,0,16237.736562676373,35986.69663212325
EBST-STRAT-ZCL-PIVX,4894.38142527751,54973.94274814987,694,0,19133.769709147753,127681.02756545803
VTC-ETC-ETH-SEQ,913.4903000977545,14616.563396539892,486,18,23537.20306607495,38749.62407035191
REP-ZCL-DMD-XST,4401.69742494571,48436.00912256254,718,0,24834.19486622751,131824.74999186036
REP-EXCL-NEO-CLAM,1929.0369586637278,29408.46689833481,570,0,106661.59078482741,72619.22149888134
XMG-BLK-BYC-STEEM,984.3046533721752,13334.278497098434,506,0,15415.80020654381,35668.15410442237
EBST-WAVES-EMC-XVG,5639.834773844225,78722.11304139177,672,0,72388.87613719022,178883.0414493168
SEQ-EFL-CLAM-AUR,775.9762188728723,11889.170041042094,464,0,14355.919744100633,25587.76933459342
TX-SYS-BCY-XMY,1088.3152197894806,14952.842383606998,602,0,13183.024484618463,33945.04787927554
BLK-LSK-VRM-CLAM,907.0615906197783,14317.486726268038,486,0,19346.102470339967,28622.687424243883
DGB-GRS-REP-ABY,2263.2630678547935,30153.77326950713,668,0,66808.67472441903,103608.47198477783
GRS-DCR-REP-ZEC,1090.2108290349609,16900.023451300713,538,0,69869.99582544672,77029.71472837249
VTC-EFL-NXS-OK,2907.116640180256,42778.90598555484,600,0,26041.392908566675,86121.25153707636
EFL-EBST-AMP-ZCL,4430.398612761342,48716.75617130564,722,0,16915.328145492567,111265.46396973928
BLK-GRC-OK-ERC,1219.6995454285893,16991.290095095388,516,0,16465.90547858793,40813.73299185232
AMP-XMY-NXT-BCY,671.4385254970483,9224.767344628955,480,0,9648.345378814953,17853.617286292218
PPC-NXS-ERC-GRS,2950.2328948248214,38225.67556427068,638,0,72751.88486757848,138164.4626354581
RVR-NEO-IOC-VTC,4429.463041978249,62398.652868561214,642,0,110725.50162327553,116248.03424246926
SPR-CLAM-RVR-IOP,1214.9903540208209,12561.802283497656,634,0,7426.8011630118735,24581.83733756969
AUR-XST-NXS-RVR,2970.0714753096377,35571.69337581161,624,0,22720.374697734573,77271.3680764466
BURST-TX-XRP-PTC,1348.3985500910821,21033.741455530297,550,0,17935.730837394163,48353.141488727444
BSD-VIA-EMC-BRK,1624.3225639629889,23286.285622727657,614,0,19884.15378690752,57571.59208509683
SHIFT-ERC-GRC-BRK,1205.2616962888019,16262.395865399507,542,0,16531.432333455,38703.18558033519
NXS-NEO-ENRG-DGB,2840.8334419161033,39522.46317141409,614,0,108273.00403031416,104759.6739588487
STRAT-RDD-DMD-RVR,1875.4700876054064,27406.041980373884,566,0,19063.29803197986,52301.07118359522
DMD-RBY-CURE-DOGE,778.7243054575467,11930.041963312708,462,0,13200.949540560321,28347.080794917034
WAVES-DOGE-BRK-XMR,589.810295961395,9466.573417257376,452,0,14388.321554700853,24998.71571735237
ETC-XMR-BLK-ZEC,288.2375084483978,4420.973186814424,374,0,11732.34855012436,15645.201358036507
AMP-CURE-SEQ-EXCL,1232.8728614421082,16599.1420511136,572,0,19125.505925345617,37376.80568322774
XRP-BCY-BTC-BRK,527.4417294122984,9666.340749205692,376,94,12778.018828673568,23476.965224887954
AEON-NEO-STRAT-CLAM,1848.693571928902,29181.689796584673,522,0,105091.53582969819,70363.51298724272
CURE-ZEC-FLO-EXP,450.26124996067324,5544.3509204554,484,0,9298.465711108447,16921.126134154052
RDD-BCY-BURST-DCR,549.6743175404175,8622.832544182045,456,0,19428.504479220748,29520.66115169233
XRP-IOP-DMD-DOPE,1848.559585378447,28049.960968694988,584,0,15120.97298187725,50737.86256006734
AEON-SLR-BLK-XVG,2747.722221736167,37955.063455239084,636,0,68221.51024727743,82307.91394807995
ABY-XVG-LBC-DGB,2006.3261158657526,27036.559790922878,552,0,66476.72834777921,62365.119757762135
STRAT-STEEM-BCY-GRC,382.2102571686185,5608.744800679571,406,0,9699.837535015005,14833.696357815068
XMG-IOC-MONA-RVR,2908.015018696289,38271.24934209742,594,0,29820.914856136336,66975.36638470154
BLK-WAVES-PIVX-SEQ,761.5987552103225,11461.365261358169,482,0,16811.056067501795,27555.38881816339
FLO-NLG-IOP-SEQ,1119.9411446807471,13247.046553040194,606,0,12947.658932063972,31183.636454549203
BYC-EFL-VRM-LBC,1289.787806392232,17068.389140765375,550,0,14324.560238486607,34382.695135533155
SLR-NLG-XVG-NXS,2545.950602680279,33538.593794678396,588,0,69764.11837270242,77969.9588898466
ETH-ETC-SBD-RDD,819.9516574467701,12642.840860333283,472,10,16167.605870902855,33979.37422917193
ENRG-MONA-BURST-BTC,1055.3944708018741,18436.587113853268,434,100,30660.14025877782,49107.590965769145
LBC-BLK-EXP-ZEC,344.7143287998825,3936.2731037906497,440,0,6611.3240507068385,11497.083825633374
PTC-BTC-ABY-POT,674.7879818575411,14634.584544685073,378,108,16330.345311790586,31026.955649652045
RVR-BCY-DCR-BSD,806.2656926527212,12227.238452150468,506,0,16435.813969535844,31172.492939755208
LBC-XRP-LTC-LSK,796.7355998861127,13824.2841689739,474,0,24537.3670910078,34156.31661544151
BCY-EMC-EXP-TX,641.0755569218088,8920.178524940635,506,0,10708.76374496951,21062.86788042044
AMP-XMR-DASH-PIVX,459.07896354988236,7861.019158843186,382,0,16649.71404382313,22024.92130019491
POT-RVR-PPC-BTC,488.9932193239423,9649.115656885333,338,96,12317.642966501804,21875.853961649806
POT-AEON-NLG-ZCL,1908.7870057046835,20674.835293287175,688,0,15030.941390934922,53282.566567089474
SPR-DOPE-BLK-XST,3479.604608158074,37021.6226129104,706,0,19626.652420821167,85471.44565868344
ERC-EBST-DOPE-BURST,4338.1475500300885,53075.04964698757,674,0,21198.735403124287,124079.46225146046
ETC-AEON-SEQ-GRS,3321.0620572424255,45211.693661620724,656,0,72507.77497147638,130279.31044684672
XVG-DMD-VRM-BURST,3962.860067508678,57953.43041412319,612,0,71892.9554559926,114458.7632971294
VTC-VRM-GRS-TX,5927.49502268669,81949.20213759023,640,0,74291.92086198539,204945.2340733998
XLM-CLAM-EMC-AMP,622.0115708924158,9453.762064105389,524,0,17721.43843555377,26449.469878291697
STEEM-XRP-MONA-BSD,1721.5308662789314,29204.25359641413,520,0,32395.369806497267,72784.11049561625
NEO-GRS-SLR-ZCL,16130.486604946354,206658.53146195848,816,0,162573.9373057931,618171.9106896261
IOC-EXP-DGB-NEOS,620.482306729073,7288.566677130171,522,0,8309.557555707052,16046.609722928482
STEEM-ZCL-LSK-DMD,3430.479397199367,43307.51740196903,624,0,28420.427966084084,108096.32896720803
SHIFT-NEO-LSK-BSD,3989.328184898149,65198.07568105307,604,0,118626.77998092085,155764.6260441088
DOGE-ZCL-TX-REP,1899.0540915454599,23531.621891330626,656,0,14203.715568049407,63865.92058062284
VIA-DOGE-ENRG-ETC,515.4538476938302,7030.777520534014,480,0,12095.18781623952,19379.818953321952
AUR-TX-CLOAK-XMG,2718.6498892081477,38123.28797673672,608,0,28218.44636557533,83128.60596728182
PIVX-VTC-ABY-LBC,1209.1811166756133,17205.93538668169,556,0,17652.72563411083,34519.416652881
XVG-AMP-PIVX-ETC,1209.3851003189648,17412.01078606982,542,0,66274.9942431365,43872.53935187906
XST-RBY-LTC-VRM,2291.9295928307165,34016.972279077694,576,0,23484.09273017539,72617.34472273427
RVR-AUR-ERC-VRM,1687.7683512212711,23969.537135833765,550,0,15315.112899965288,45480.814876257326
XMR-TX-XRP-CLAM,663.7063782885169,11105.826107040957,458,0,14230.822032695973,27030.439216404084
MONA-VRM-XRP-NLG,1576.781514343219,26357.763939293203,524,0,29306.622223423685,53546.10395811896
BRK-EGC-STRAT-XRP,1198.2145555557465,17826.18469193542,552,0,13513.420377326831,37932.016962021604
BSD-XMG-SLR-DOPE,2122.0941838575545,32404.052559640793,552,0,16525.67585740389,61489.68412181022
PPC-AUR-NEO-SEQ,2184.2250898359202,34770.27539961566,544,0,107713.86459700167,77371.71030159164
ENRG-OK-PPC-XST,2339.7707548435433,28662.166859197747,652,0,21056.20313329341,63701.572702763944
XMG-VIA-EMC-ERC,1643.8497322499486,23222.274985356293,590,0,22033.11153288799,64283.75539005194
AMP-NXS-NXT-XMG,1466.8679305481655,18682.482170472278,590,0,15536.616502216944,39548.17143898514
NXT-NXS-VTC-SLR,1932.1184852864344,28124.593748908395,576,0,21506.40654045449,53981.804957105065
XMR-STRAT-BTC-NAV,485.80714944304947,11357.04661367212,307,93,18757.635520453663,31631.26388579051
BURST-BLK-RDD-AEON,1317.141141341888,19738.34833398487,564,0,18394.723927780156,48212.33947017326
XLM-BCY-VTC-EMC,1003.8245671726396,17426.02612251639,518,0,25463.455584548545,44070.23131301414
AEON-XCP-RVR-ERC,1860.6407198845943,22207.426330108625,648,0,16785.8053714839,48831.215591333916
EXCL-DCR-EXP-LTC,719.7214166479281,10898.280076119338,490,0,21941.34291449113,33952.491609954726
LSK-CLOAK-TX-LTC,2535.1032608559594,38765.152197905154,588,0,41899.2276949271,100902.9796910958
LBC-CLAM-VRM-PTC,989.6503627586974,14910.15873185971,502,0,13777.827524789323,26237.156369621793
DOPE-PIVX-BSD-BCY,1227.0953035934972,18658.748953423652,518,0,15859.837710078766,39312.6034513863
VIA-NEOS-BLK-RBY,815.845004200086,10822.905689396466,530,0,12158.464194169399,24818.433804176497
ABY-XMG-DCR-EMC,1178.3055168094706,18773.899133399067,546,0,18603.75391153097,50177.88340994003
EMC-XRP-DOGE-DOPE,1124.1567277800577,17961.970647345737,496,0,15773.355212777251,43319.43612744771
FLO-XCP-NLG-BCY,389.0078185703499,4439.981836399541,476,0,7264.569099723769,12526.520913318443
SBD-SPR-GRC-XMG,1316.3916725966571,15017.05552375852,580,0,9655.578994451735,32599.800270717875
XMR-EMC-BTC-DASH,432.79938974818674,11888.643534918461,266,76,20717.71473766829,34297.607376501175
SEQ-DGB-DMD-MONA,2622.4053208201813,40013.08169325694,586,0,37031.975368552085,88394.45614715411
DGB-STEEM-XLM-NAV,1007.7197983632651,17603.003190662213,494,0,23414.199219598115,52608.15827901142
ETC-XCP-LTC-ENRG,515.3304909668898,7004.845929965243,488,0,12040.644398291797,18371.303945636504
GRS-POT-PIVX-BRK,2657.026697792976,37607.88606278165,636,0,67807.54892336941,102495.04432618132
ABY-EMC-ENRG-NEO,2945.000547982038,44307.61288300693,616,0,105286.66526148425,97310.12405743521
DOPE-GRC-AUR-EBST,2802.506753437474,34876.02414979775,628,0,15108.040652966669,69394.6108308657
IOP-ZCL-EBST-BURST,6428.454156559633,69178.8344050228,776,0,16645.051087811953,154606.14150088298
ENRG-XRP-DOPE-STEEM,1253.7192037483933,18074.108889683797,536,0,14692.215412354008,43580.9928818901
BURST-SEQ-XMR-EMC,1231.9715923996039,18737.327429438963,532,0,22735.271868509346,50198.583348400854
CURE-BYC-EFL-ABY,1174.885400277811,18006.495970707532,492,0,14999.502475305437,37879.50233727233
EBST-LSK-NEOS-SBD,3334.663924908637,39309.66586169158,608,0,21848.54505817311,80693.53492823594
SYS-NEO-NLG-DOPE,3318.77604877907,50963.34846718822,580,0,108487.53745029538,124608.4716838523
CURE-ZCL-CLOAK-XMR,4381.424259434092,57172.81467603231,644,0,34726.05493797227,147628.96074906123
EMC-VRM-IOC-WAVES,988.5239664345353,14002.673472363755,512,0,13324.755093490885,30390.87344192536
AMP-PPC-XST-SBD,1293.813426777008,13996.877190276899,596,0,15664.427671033403,36950.62634778187
DCR-NEO-PPC-DASH,1013.2283173990254,20871.27913247327,446,0,109761.26835274755,67984.08903027065
NXT-NXS-ZEC-XST,1905.9484635558317,23679.384311963433,604,0,22937.83022648533,60126.504298407744
LBC-AUR-ENRG-BURST,745.1234858343443,9397.70161100575,520,0,8892.74504189428,21674.137990027466
AMP-LBC-AUR-LSK,702.8731802803417,9553.380747170557,516,0,17217.19589378022,22353.08132041889
ABY-XMY-BRK-STEEM,1489.763241871751,20619.918649800664,562,0,13830.677001426473,40516.90180041563
IOP-EGC-DOPE-DOGE,1556.744620931466,22645.6195173757,574,0,12658.744445762533,44181.955313650134
REP-NEO-XMG-CLOAK,5049.455197461377,72649.02402726431,596,0,121772.8641463798,193154.77272450333
FLO-SLR-LSK-VRM,1333.5442280094999,19515.527559317812,566,0,21127.095393997308,40801.4815425227
WAVES-CLOAK-RVR-IOP,2040.6815669619918,25432.70513940164,632,0,25938.187859432714,57177.293071531574
AMP-PIVX-ERC-POT,641.8073859929153,8341.018111297348,538,0,13637.857182310116,22537.318142716656
STEEM-BYC-PTC-DCR,965.7885056911173,13829.944661820324,516,0,23879.608027180682,49046.310434180574
ABY-BTC-ETC-VTC,690.6140623292822,13743.410175708625,427,103,17905.281766708442,32627.20311272472
SYS-XCP-BSD-EGC,1157.024275890731,17024.621252040786,558,0,15605.695849208856,41104.86680598217
SHIFT-FLO-NEOS-SLR,715.2852671750431,8578.881488983356,560,0,11323.812938386045,21933.837733409422
CLOAK-STRAT-GRS-OK,5948.065718783942,80744.85789187923,686,0,85895.80874713571,244651.87326579887
IOP-NEOS-RBY-ABY,1194.0701074512242,14184.945150584372,588,0,6805.219543242495,27291.836490068294
BRK-BSD-WAVES-GRS,3206.566867105013,44371.99278000518,636,0,68749.95787638584,128702.22590820056
RDD-ETH-CLOAK-DOPE,3946.041649807444,55822.89374154899,610,0,37016.89830712077,146749.11414164887
IOC-ENRG-EBST-BLK,1675.247603413778,18167.500332591146,630,0,11302.164534194659,36786.018316838126
SEQ-BURST-NEOS-DASH,1089.7046456388155,15803.45110479518,510,0,17367.607439712352,34047.65500175312
XMY-EMC-MONA-PIVX,2277.0564223759734,34242.06011197519,598,0,33704.481315780504,81434.70707651562
EBST-BCY-ZCL-ETH,3372.7541400223013,39930.00473051008,654,0,18373.750995544102,99018.8412579108
EXP-TX-GRC-ERC,837.8233343953541,10876.521749170288,540,0,12661.836291081985,26013.809852676364
DASH-POT-NXS-EXP,715.2658403897026,10085.690740862228,488,0,13855.296807611021,22255.973012903123
DMD-PPC-NEO-XLM,2118.967733944482,41796.45198686084,532,0,114145.72309564713,104356.67623335737
AMP-BLK-EMC-XMR,572.7894136420904,8454.85576753871,474,0,14289.640349088604,23465.058944420758
TX-BCY-XMR-NAV,805.226959390915,12756.10909233643,500,0,15853.054064975742,30864.815162762596
ZCL-EGC-EFL-IOC,2699.0027549357696,31777.630629381976,638,0,16017.410189924241,72582.61905724801
EFL-BTC-XST-NXS,1551.8177941214492,27058.423278560447,454,104,26010.54012097046,70688.13071774982
ETH-AEON-RDD-MONA,2577.615785616996,41101.977002503416,574,0,38315.90377751008,105473.87075890493
XCP-ERC-DOGE-STRAT,667.5343555022728,9255.705678095806,538,0,12321.39428600543,23712.894720399643
STRAT-BSD-XLM-REP,877.0493965925917,14708.045759273333,494,0,20170.244698169663,40654.469594164555
ABY-EBST-BLK-XRP,2061.4126743950196,27864.542606724186,598,0,13412.529618978308,55821.28217460494
XMY-PPC-NXS-BCY,888.0664723955975,11251.988238936947,562,0,13527.642441249753,25610.22449132261
ERC-XMG-NXT-RBY,1491.3115915011076,21971.695038781407,542,0,15839.971944801247,47420.86136648117
EFL-VIA-FLO-NEO,2115.4255328152917,31916.652906294883,552,0,109183.7191127539,87695.94302154088
OK-PPC-CURE-NXS,1593.8822636890195,24592.068795453088,544,0,18948.27734497421,51155.48223691798
XLM-DASH-POT-BSD,906.8709240508322,17781.726128307924,472,0,21134.391870139123,40688.91605901779
GRC-LSK-SEQ-DGB,1177.6719128696552,17719.581850316375,518,0,25969.95032950041,44535.89580351895
FLO-RBY-MONA-CLOAK,2646.9121465382314,33205.80118949486,598,0,43354.89087918571,93731.94564187786
DGB-POT-EXP-XLM,591.539695002985,9594.382085137124,484,0,16965.61151530205,25300.261259161463
REP-NAV-ETC-VTC,757.8224074427227,12151.016535370909,480,0,18226.521766048576,30375.450409604335
MONA-CLAM-NXS-NAV,1792.8236591816608,25320.0714776415,550,0,32915.06034511181,60410.22277020778
NAV-SHIFT-SBD-BURST,1530.2333822649787,20223.710315012413,562,0,15722.050434280107,46445.01675509381
LTC-NAV-EXP-XMR,598.663552494682,10062.678004438056,414,0,19507.435117937304,26975.57563988799
SBD-BCY-VRM-STEEM,890.4002728687225,12732.017710323726,522,0,10864.552264422506,26927.421907388183
ZEC-BLK-STEEM-SPR,645.8137375075928,7162.836952164123,516,0,9920.058799056014,22795.989594411665
DGB-CLOAK-BRK-RVR,3124.700018126717,38515.12348072235,626,0,29546.48309112738,85858.06159837764
GRS-VTC-DOPE-SBD,6382.540600983779,92135.01234547781,656,0,74222.11182208931,220498.8317601239
BURST-IOC-GRS-XCP,2083.2933791111345,26255.283379982277,660,0,65489.73034445403,75377.39020146393
TX-BRK-MONA-NLG,2208.756401283802,29318.95287322601,592,0,29074.34089952636,64697.74471706526
IOC-CURE-ABY-BTC,711.5547443964143,12787.759551286945,396,92,12874.220927363132,27450.91109219625
POT-RBY-AMP-ZCL,1484.02143958781,16756.009061542547,662,0,10917.811472053541,41959.240923447935
SBD-SLR-BLK-BRK,1278.5380332208401,15743.46516881441,558,0,9282.589284752908,33119.639850369625
STRAT-BLK-XMR-PPC,401.05210269253894,6609.472680689207,402,0,12589.257939693336,19013.96766805758
SPR-GRC-EXP-RDD,840.1708937615263,9355.387648799362,582,0,12382.818322066125,25199.617899617824
OK-DGB-DASH-IOC,1515.3657252569935,20879.72645873359,578,0,16716.928472097337,43598.29081953234
XMG-IOC-CLOAK-FLO,1849.6548991855368,21164.649783269884,598,0,27185.176273973928,53525.59333821847
VTC-LBC-XMG-WAVES,1033.1886085657318,16940.652261957915,504,0,17356.279905042516,33819.06476456381
DOGE-WAVES-ERC-PTC,742.0907174556635,11731.700155765882,470,0,18078.15912628108,32926.51675501053
EXP-BURST-NEO-BSD,2117.6910334682284,34573.83244472118,554,0,105843.61752420664,77568.2287499184
ENRG-XRP-BCY-SYS,528.0133818246574,7548.998146389451,504,0,10930.81126581755,19830.10603274327
EBST-FLO-SHIFT-MONA,4367.001799664051,52257.8174640854,714,0,33586.498497305925,128171.37012432265
GRC-SLR-EXP-EMC,541.9747034924826,7706.908851273471,488,0,10428.312312349946,18527.052864103585
STRAT-BTC-SBD-XCP,565.4503132879972,9674.875473485046,377,95,10993.57534429485,23236.876605129175
WAVES-VTC-ERC-CURE,1113.4121857303544,17955.28399199704,504,0,21361.067787242133,46356.24419584533
LSK-ZEC-STRAT-SHIFT,730.7111986534836,10819.817173848573,476,0,22308.98119843942,31285.60054347567
GRS-XMG-GRC-XMR,2255.192407472874,36091.2377688513,562,0,70420.79188901254,106659.45547346483
ETH-PTC-BLK-POT,656.7640269689434,10521.782480213706,484,0,16128.03250361792,25995.70889975808
SBD-EFL-XMY-RDD,1772.5986264964015,24249.488143393144,540,0,16844.55754450454,53703.55792050615
BCY-EGC-STRAT-VTC,863.2194807668919,13173.724365731354,498,0,16844.003975836247,29879.54283674506
CLAM-DOPE-VRM-FLO,1357.2985638272223,17854.59959719865,552,0,12712.437585298207,37518.64693777094
RBY-NEO-DGB-MONA,3568.0597603368765,58330.879599460684,556,0,122153.83787124406,148713.97935470747
BURST-BSD-POT-RDD,994.1283688137677,16665.864393543357,514,0,17598.928312924127,40576.25922932498
REP-GRS-EMC-BYC,2127.6276837484775,30083.42327536323,600,0,70920.02608708781,113624.66635765314
NXS-BRK-BYC-ENRG,1570.4255455067212,18418.561970104056,598,0,16948.819626097295,43772.2044767566
MONA-XST-AMP-NLG,2006.0450384868452,23982.82772065994,618,0,34031.978176411096,62088.78314077616
PPC-SPR-BRK-XVG,2707.552574868924,31154.870001474894,638,0,66039.76262832072,75204.08369041274
IOC-REP-RBY-DGB,702.7951847096374,8951.879126832011,534,0,10333.818195507038,23631.452443513033
NXS-AEON-SHIFT-DCR,1637.512530668532,21432.33787043722,616,0,24119.3191324361,63833.83161575602
XMY-BTC-SYS-NLG,634.7317100975989,11731.885985921834,395,103,15675.611068521219,31203.28201697454
XST-NAV-NXS-BTC,1772.9985588314244,32163.835018613325,426,104,27263.443907034372,79764.85783500847
EGC-SYS-DMD-RBY,1267.8782721481912,19364.73338043369,526,0,16705.848048470827,45277.71242598456
XRP-ZCL-NLG-NEO,4689.254792178537,55659.5113412004,636,0,107607.10306603459,144509.00609578923
CLAM-EBST-XCP-DCR,1298.2106738709638,17081.082899151716,600,0,15900.940588435404,42072.555389154484
SYS-XMY-OK-ZCL,4986.858908687212,61129.22976665984,718,0,21341.903512112738,138186.62786942144
DASH-BYC-DGB-XST,1618.4399103024366,23488.44999533179,572,0,24048.426221600184,62698.51493298561
SYS-NXS-NXT-BURST,1208.178779393786,16878.161474996024,546,0,18836.62343291307,44187.029779732366
EFL-EGC-BLK-POT,793.6810458089913,11703.063903672772,502,0,11541.39279921132,26927.962984159196
RBY-BTC-DMD-ERC,707.6318232933197,13271.816405892676,357,87,18592.900667846283,36588.2174386652
DGB-CLOAK-BCY-XMY,1457.1506118608877,21521.009031420104,524,0,27380.254966412376,48176.297283443906
ETH-VTC-EXP-PTC,1071.556618498802,16278.637261784483,530,0,22862.845461656645,37743.85686203736
XRP-CLAM-AEON-BLK,660.725803747612,10185.48606008339,504,0,11561.213556334194,23135.139433068634
XVG-EMC-NEO-EBST,17113.741521149106,245255.68556575535,738,0,165936.03711744217,566841.9658314327
BRK-EBST-RVR-XMG,4663.967046124543,56185.85107102203,634,0,17101.509356839648,96671.24166581899
BRK-ERC-RVR-GRC,1426.9815755992297,18828.538929130256,542,0,15049.648696875944,39004.09163099602
DMD-XCP-BRK-EGC,1543.3392897032336,21060.393419964174,566,0,15004.697600027273,40289.208400583986
ERC-DASH-VTC-EBST,3608.905630080648,49435.40091139597,624,0,25416.30510041776,110520.67871925647
REP-ZEC-EFL-LSK,596.1164870379511,9415.41245002468,434,0,21171.902498178966,28929.203684396096
LSK-ERC-SHIFT-REP,1370.8325833877177,18555.948300420026,554,0,26485.8087475171,54954.45218797712
DOPE-XMR-BTC-OK,1811.2484918013888,35002.91392104405,444,106,23354.19445072311,77360.7907878422
BLK-PIVX-BSD-PTC,1062.3190073779042,17141.228890734594,490,0,18511.371452751453,40344.74668562888
VRM-NEO-ZEC-DGB,2320.9987969002427,37676.77175639567,576,0,105836.43435920763,89173.42853708063
POT-XST-LTC-ETH,964.9901309761392,17618.75971851272,462,12,24670.805236291817,46251.68296775154
BCY-EXP-ETC-AEON,510.65780762835567,6357.784986955196,514,0,9079.507444432049,15515.613152036796
NLG-CLAM-NEO-ETH,847.282436797055,17042.796846272537,385,35,104731.6962641355,46465.49913319966
IOP-STRAT-CLOAK-CURE,1848.8931577774426,24058.46421608037,612,0,25728.864160187928,56283.16209130704
DGB-WAVES-STRAT-ENRG,536.2042170249372,7341.302980231592,476,0,10565.032128836241,20315.273567208584
MONA-POT-BURST-NXT,1397.2209149626553,22163.879019276774,534,0,29194.50866127815,45066.3603855413
NLG-AEON-BURST-GRS,2771.2307330020817,36223.64090611915,682,0,69181.93503565136,112513.39049227674
EGC-NXT-XLM-BYC,1538.7346120414788,24664.621717041584,558,0,23543.067526232644,57564.62324331586
IOP-DOPE-RDD-VRM,3454.0704673419573,50864.4160747015,654,0,17561.290907331968,86331.73922878492
SLR-GRC-EMC-REP,583.8811390965993,8701.879975693933,490,0,11917.603511554444,23768.54725320525
NLG-XLM-EXP-BLK,561.9097084081988,8064.28226247829,504,0,15400.523401620932,21084.671293447107
NEO-VTC-MONA-SLR,5141.710504444326,89331.67079724201,586,0,127673.4695870938,188684.4945704443
BYC-PTC-STEEM-SLR,1132.3445092457803,15744.652977078587,528,0,19103.784012587625,41126.41547685138
GRS-CURE-BSD-SHIFT,3817.791808015379,53559.184394363605,662,0,71438.6298051328,159514.86150202167
DASH-AMP-VRM-BSD,1058.748585481676,16315.785388164557,512,0,14065.612475719152,33138.141104533046
XLM-VIA-SPR-ZCL,3514.4024047259454,38974.54542936951,736,0,25029.27370378268,110906.89218001685
EXP-EMC-BSD-IOC,842.6628985513082,11586.002789214892,526,0,12719.083487652628,26121.403207401694
VTC-EXP-POT-RDD,1020.1141528922237,16268.07595996714,542,0,19306.829131327155,33308.589050305745
XCP-CURE-MONA-EMC,1567.7769624670793,23257.135572603176,536,0,30568.135372934692,55726.82114738577
SBD-EGC-NEOS-LBC,1076.0941452619277,12795.30779840866,562,0,9165.144744377258,26123.98431740357
EFL-ZEC-XVG-AUR,1658.1567400405208,24828.390809211658,536,0,66510.97744142142,62576.38167588056
EFL-XMR-SPR-PTC,1488.269144925081,19072.417716671054,594,0,19169.768212585244,46013.8910012518
LTC-CURE-ERC-XRP,844.506352637817,15045.58513916892,464,0,20045.92492746107,41197.72332490484
SEQ-PPC-SBD-ENRG,1092.9160976993119,13624.326580813004,544,0,13164.037525556321,31478.988368986735
VIA-RDD-MONA-SYS,2147.569595071066,34474.93908115085,588,0,39293.52458197338,96414.53240836444
EFL-BSD-EBST-RVR,3479.6511822625253,44684.28128953458,612,0,17982.674387946347,88570.66691234519
NAV-NXS-EGC-STRAT,1573.657175400396,22539.11215174719,550,0,18413.13042290049,49065.902718501995
REP-SEQ-VTC-SBD,1711.8926486837645,24065.577574728202,546,0,21073.856803807088,51981.95087519614
DASH-IOP-RDD-EFL,1414.5867840091516,21615.53540832252,576,0,16565.31576454324,46739.32424861626
BURST-AEON-STRAT-EFL,1106.9959160426074,15621.344664506934,566,0,15334.133706655863,38603.73876351895
IOP-LBC-XCP-SLR,784.1895785078187,9614.096229371455,614,0,6513.426823238062,18327.342510206785
AUR-TX-CLOAK-GRS,5650.692142448499,75576.40952023581,714,0,82098.70359966178,211662.3577980355
TX-FLO-XST-OK,3414.1028709084158,45144.596426719756,680,0,23173.128880047014,98721.94079557339
SLR-NLG-IOP-EXP,659.6596354662277,8188.088829821933,548,0,6401.108442935263,16551.641462373103
ETH-RVR-LBC-NAV,955.6441609704315,14438.962754856037,502,0,15564.334011936166,30404.488080345196
REP-FLO-PIVX-XMR,459.7286161885392,7254.158581984154,390,0,16084.095517129095,24466.896060737883
EMC-OK-SPR-NXT,2520.851366364133,29380.211960640616,694,0,17026.47379056105,63018.384970453524
DOGE-BYC-RBY-ETC,500.68422174385654,6357.715319135022,474,0,10841.463674452394,19466.847263525044
TX-LTC-BCY-BYC,785.3286803548424,10800.258836414901,526,0,16780.54298387303,28993.35097138787
NXT-EXP-LTC-LSK,868.6651853322261,15404.825786168883,438,0,24417.130338414598,33051.86521368437
XMY-ZCL-CLOAK-EBST,12878.218860514095,142828.5107262633,766,0,34526.405078343385,318997.46024800005
WAVES-AEON-SBD-EFL,1213.7098736285532,16059.8154166827,556,0,13516.647415347012,37152.55564037197
IOC-BYC-LTC-NEOS,865.4065873627136,10526.754533063526,526,0,15634.813197228756,26235.182422342044
EBST-DOGE-RBY-ERC,1782.948663484612,24919.388445044464,564,0,16056.84165121186,57964.690048176184
BLK-EXCL-NXS-ERC,1583.9615826690435,21346.28452354388,570,0,21141.40114621542,52585.84621104389
EGC-NEO-XMR-XVG,7572.905280560817,125471.02436440751,624,0,165644.49385247566,305787.79641073773
VTC-ETC-CLAM-EFL,606.2665403887169,9103.367869227803,482,0,15439.597796428636,23005.798008923713
SEQ-REP-XCP-XMR,873.8911912779896,12871.995487937296,498,0,18361.18809617367,31374.532112783032
POT-SBD-MONA-XMY,2258.3773549217144,32561.043523535365,550,0,27397.08030374652,58904.081781932764
NXS-ETH-SHIFT-CURE,1304.8243444333311,18125.29771449978,566,0,20721.82664229485,48165.253523552754
STEEM-SBD-REP-BLK,645.4024206434652,8424.643919433658,464,0,10480.055153270774,24807.543399405433
BCY-ENRG-NEO-ETH,1184.6990451647284,19984.695665415617,474,34,104332.94521845119,51664.842238648176
VRM-NEO-XST-XCP,5671.3099371645085,87529.74771504343,614,0,112403.92806664402,158142.97055930205
DOPE-BSD-VIA-CLAM,1547.461723905391,21954.986321368015,580,0,18013.975223372774,47969.208023919695
BYC-GRC-AEON-EXP,865.1293442165788,10849.676882079506,546,0,13658.138961837387,25597.81248835988
PTC-ZEC-RVR-BRK,1608.823523073222,21529.280653438553,554,0,16459.380182624172,43774.06086098026
GRC-XMR-SHIFT-EMC,857.9219275792746,13060.31158873731,522,0,18364.676925981617,34961.60362279278
BLK-NEO-IOC-EBST,4818.486124386654,63946.99249394936,630,0,105798.83949263368,127882.49646940589
XLM-EXP-BYC-AUR,806.7932518774322,11370.912674067853,510,0,18630.328187576746,29385.397975944805
XVG-ERC-NXS-ABY,4386.856141376473,54720.4102000366,628,0,73856.98879411723,137402.17357359437
GRS-RBY-XVG-ETH,5823.49311314321,83939.4184969065,678,0,124242.57476656314,267686.68672330794
STEEM-BSD-LTC-NEOS,907.0899938969545,14760.760814694693,480,0,17432.641697222272,36877.242427453486
SEQ-DASH-EXP-VIA,1047.5925086100033,14621.283587069118,550,0,20042.38331828228,32609.14418769162
WAVES-OK-SPR-LSK,2015.482573335436,24212.06962293638,612,0,23739.481444553458,54493.299626604945
NLG-XMG-VTC-VRM,1970.1501369094485,28686.0195114263,590,0,18972.089194237476,51408.92029346164
CURE-BRK-XRP-RVR,1651.3804881989997,24097.14800869043,560,0,13997.947992783942,43372.693243076516
LBC-SBD-ZCL-XST,4272.116132846001,46303.80714749704,710,0,20004.403367680763,108457.57504439988
VTC-ERC-XVG-ETC,2797.790043701883,43979.00028610034,632,0,75421.37630982541,103922.03427490784
NEO-LTC-RVR-BRK,4329.40686101233,62973.457043678216,616,0,110258.2821681544,131165.9693915656
BYC-BCY-NLG-DGB,560.832076683999,6529.870689767607,510,0,12073.265631705503,19309.643227786113
ENRG-ZEC-SEQ-WAVES,651.4154072078796,8587.138342001323,502,0,14093.785293729767,23176.088180737082
BLK-XST-EMC-NAV,1793.1352130970008,25159.496442251635,594,0,22461.559491737662,62566.54858364143
ENRG-XLM-AEON-DGB,1270.6233511849716,18975.505562480186,580,0,21166.848183247257,52681.42879687988
NEO-DMD-PTC-IOC,3787.535805199456,55034.644180486226,572,0,110905.93161179805,107321.97867201327
GRC-VTC-REP-ABY,903.3718124087104,14379.372900522068,512,0,15983.490742738424,30881.44151006652
AUR-XMY-VRM-RVR,2140.2063335054254,28810.1829755121,586,0,13061.550468808202,46584.153677131544
XST-AMP-PPC-REP,867.2927773108443,10528.638094470285,540,0,16544.578354358528,30480.791390957682
ZCL-IOP-EBST-XMR,5979.274609623553,66850.52292261632,740,0,19137.50533999223,145299.7459296085
XRP-AMP-CURE-SPR,889.3580348876193,10181.413077718425,618,0,9936.38792001919,25192.053008183066
SBD-ZCL-ABY-PTC,4485.445926421992,45746.578991676535,722,0,17509.50038878599,105807.73561956602
ZEC-AEON-BCY-DASH,512.3279082295725,7771.184430413856,442,0,12895.224638272113,20101.012533726265
CURE-XMG-LSK-DASH,1369.237954211599,24706.3661159265,462,0,24850.797745616128,50836.01552047142
DOGE-REP-LBC-DGB,421.1313066228778,5871.634564817286,454,0,9987.528935526603,17811.120836693193
OK-POT-BLK-NLG,866.4031445707792,11716.09230688737,536,0,12136.689078869747,25592.850936011273
XMG-CLOAK-RDD-NAV,3125.359890229346,47122.89494794377,586,0,35412.88491517216,109691.46859327864
XMR-BSD-AUR-ETC,538.8114430883859,9463.473781140301,396,0,14334.08776458605,24531.320596023084
BTC-NXS-LBC-FLO,614.7452981096758,10067.481671397732,405,123,15541.127382861383,28147.1561924572
SPR-XMG-XMR-NEO,3719.412498840002,49660.457363082794,618,0,108430.35389230163,118239.39349664193
BSD-XMG-LTC-BYC,1231.5525637726141,19341.884557441666,476,0,21056.492819787316,49290.78219695032
XRP-BLK-STEEM-EXP,522.3190485368627,7249.100337916697,468,0,10540.310539435719,19596.220853327082
PIVX-AMP-MONA-EMC,1308.4789040727624,18277.51492419189,568,0,31085.9039313108,49101.73096453157
SEQ-NEOS-LBC-RDD,1387.7825461836906,19415.103968435928,544,0,18165.312527663147,38039.1485114012
EBST-REP-DOPE-PTC,4223.819086517175,55931.65288519695,636,0,21310.989072094068,115066.27483568813
FLO-GRS-RBY-XVG,5395.294340768864,73992.02802312493,694,0,121274.49109473165,235473.16000705623
VTC-DOGE-VRM-EXP,981.1496810519246,16228.24498097147,520,0,15988.892763440994,29986.97004448265
NXS-SHIFT-DOGE-VIA,1274.2066061241715,17098.803457616683,572,0,20573.043743394832,43212.718290988094
XCP-EXP-XLM-ZEC,526.5649580201605,7909.422265710183,466,0,15443.17850043977,20568.1599705979
PTC-SHIFT-STRAT-XRP,1051.3846467850449,16345.181426149882,504,0,18218.45964093448,38391.66997966697
BYC-NEOS-IOC-STEEM,827.1443903698186,10079.078097122616,516,0,12862.555809754318,25381.79610497878
DOPE-XST-CURE-PIVX,3013.059383642599,43210.128577583935,588,0,24415.267514394316,94270.63405777403
DOGE-EFL-EGC-RBY,765.8531436267715,11449.490954303923,490,0,12172.875006763701,29097.30709879803
SYS-DCR-STEEM-SBD,600.8149515214318,9485.242035990512,446,0,17943.795311673308,34485.04898405061
EXCL-RBY-OK-VRM,2843.6806608060256,40924.935374860725,614,0,19151.974134465552,71116.82296042997
IOP-LBC-EFL-XMG,1189.0412894913952,16848.23531556502,590,0,10348.101719673461,30874.077693464933
EGC-AUR-NEOS-XST,2028.6447904567121,26337.221656810918,582,0,18314.914677083274,55906.02678662564
REP-ENRG-ERC-PIVX,787.8448893834405,10386.740737571692,514,0,15165.099335566487,30467.151674504286
XVG-EMC-XMY-SLR,2648.049459155827,41842.97847663485,576,0,69932.20026537683,91980.78405726248
RVR-BLK-VIA-PTC,1492.4942347382296,20731.694769095462,558,0,19567.639913106257,42711.92032484558
XMG-BLK-XST-AEON,2740.789316809508,36297.72483488446,630,0,21895.7958018214,78097.49508251616
XCP-ZCL-STEEM-ETC,1363.310399731674,15350.348385442752,586,0,13595.74573207516,43522.977481658534
AMP-GRC-ETH-DCR,345.74568797534715,4573.224201147987,444,0,15586.959950245588,19133.518407588446
AEON-MONA-DCR-LSK,2160.8882241837014,35548.15303704288,544,0,45194.5313652682,104270.92605410898
ZEC-VIA-OK-GRS,2982.737796931892,41852.137131875636,642,0,73601.51034575676,137558.43884531717
MONA-EBST-SLR-ERC,4219.8957569838785,55860.69480026732,636,0,34447.969578168515,128530.43225478363
ENRG-ZEC-LBC-EGC,713.8278619425764,8663.797158567464,506,0,9686.259575235894,21801.52994838168
DASH-XCP-XMR-REP,499.0513494627297,8479.200211082052,382,0,15159.733263020542,22195.222537031965
EGC-OK-PPC-BURST,1291.921852602692,19679.906669362237,552,0,16843.02870998074,45140.358745220685
ZCL-CLOAK-ENRG-BLK,3018.4756200677307,35214.56087196827,634,0,28297.99191630642,91804.26479306284
RBY-LBC-PTC-EXCL,1314.6290581964874,17703.335700500356,552,0,17581.98891545645,38882.35197404537
CLOAK-LTC-ENRG-ETH,1195.389770393104,18323.66367360236,497,13,32849.49168816529,54968.556313987225
EMC-BYC-AEON-EFL,1597.2662345145397,20786.507037308485,596,0,19311.15721357934,54319.44077692153
REP-NXS-LTC-MONA,1806.6039200792509,25650.709299957816,514,0,36445.93557623798,74755.80306809476
ZEC-NEOS-IOC-LSK,735.2945605415667,9320.678651061762,516,0,18132.25929300269,22520.33368655286
NLG-LTC-CLAM-ETC,291.0399211192681,4305.405205129346,388,0,11721.889703660896,13779.89188414993
AMP-PIVX-NLG-IOP,652.6316502383698,7472.93802215995,562,0,8848.76024432198,18312.939360082946
EFL-XMR-VIA-DOGE,681.5359396146214,11151.333307487543,486,0,18912.781774392395,32179.726554595763
DGB-CURE-EGC-EMC,1226.1273976260877,18669.038760646945,570,0,16718.22842259843,49231.24270810993
XMY-SEQ-ERC-PIVX,1852.6575659997688,26455.21859945043,584,0,22238.03441301092,58403.740949087136
SPR-ZEC-VRM-EXCL,1552.8560487732982,17694.841208661863,632,0,14332.723595518073,40844.61635571699
WAVES-BTC-BURST-EXP,343.1727752742135,6431.357094695669,329,103,12623.030195672407,18593.346852742598
BYC-EFL-BTC-NXS,890.2686587201121,15219.31085598685,402,108,20596.176526942872,43339.29137802307
EMC-EXCL-BCY-XMR,742.4233755745812,12181.030384940781,462,0,19029.085316763114,31426.324199563875
SEQ-VTC-REP-BLK,1104.4203936217075,16782.561257327845,520,0,21088.06971226122,38763.05068592524
EXP-XLM-LBC-LSK,823.9627254555242,12648.867073551779,500,0,25758.63542410656,31761.82375966834
EGC-IOP-ERC-TX,1701.6904828362865,23702.86580844044,614,0,14761.845798200971,51301.85265731128
STRAT-BYC-ENRG-NXS,1042.542202555669,12169.99754432715,554,0,15996.416986772812,32902.402957485814
IOP-CLOAK-SHIFT-DASH,2228.1544353891504,29299.65828649764,630,0,29189.584389224146,69397.40332602449
PIVX-RBY-DMD-SLR,946.2528465026808,13532.047278217919,482,0,14574.570382915903,30171.763916882406
NAV-SPR-PPC-DOGE,753.8652251117734,9014.27918323172,552,0,10879.853992237964,24190.718729585937
NLG-DOPE-ENRG-VTC,1830.3373483088164,24224.685778820993,604,0,18159.78299571435,49815.63936010957
BLK-BSD-CLOAK-EFL,1685.9023090153514,24325.88796313822,540,0,28985.495269368028,61675.319601892625
DMD-CLOAK-DCR-BCY,1219.110369758521,17695.491178494263,536,0,32395.55993068083,50892.314428934646
NXT-DGB-IOC-ZEC,697.0969102374291,9323.935491671584,494,0,11316.55592112409,23129.185965853947
DASH-BYC-STEEM-SPR,1084.2513644694095,12601.012292742085,594,0,15681.402156264623,35288.213835601106
EMC-VTC-CURE-XST,2695.2685847460652,41231.63869897956,634,0,28283.87469212797,94107.79493353811
MONA-CLOAK-FLO-OK,4371.421340636198,60428.53661406273,656,0,47971.15965626096,148465.73912495814
EBST-ERC-ETH-EFL,2163.087960327319,30065.72682153691,554,0,21115.477244820613,79338.04023668719
GRS-TX-BYC-VTC,4176.106665141039,57175.00595173919,638,0,75738.53313456736,162867.93123335182
SEQ-NXS-LTC-XRP,1399.2066252026034,21714.643449202485,504,0,24586.294968862494,52615.11649002621
DGB-AUR-AEON-ETC,836.8692693502123,10811.742458324226,588,0,12434.73978304672,29206.400258321297
BCY-IOC-ENRG-STRAT,556.9936416080265,6358.742442881014,512,0,7096.566565710191,14277.173413822306
STRAT-TX-NXS-ETC,925.8868944192559,13064.31205145866,538,0,14077.524156783107,32193.66463532912
XRP-EFL-BYC-SLR,929.9290568926332,13215.081427717068,532,0,14632.335595149874,31815.233628362963
STEEM-NEOS-AUR-LTC,732.9640929993143,11244.85840769947,446,0,14603.145676005399,28229.528946244518
NEOS-AEON-SLR-MONA,1810.4436491773124,24178.788979304554,594,0,29281.592380362712,52619.09112086415
EGC-MONA-STEEM-WAVES,1399.1984156159551,23558.064311598897,512,0,31392.69698219551,61418.005763534675
RBY-BURST-SBD-DASH,1010.2554136336154,13562.168798086945,518,0,12054.129864314531,32933.297842711676
SLR-BSD-PPC-AEON,929.8230776905465,13556.382205029637,518,0,14327.638030045062,32334.56181282771
ABY-IOP-VTC-VIA,1922.513396112208,27108.457728096688,644,0,19077.905527963783,50995.73298263931
CLAM-DGB-BCY-NLG,359.879613184898,4618.2684997528795,458,0,7970.983924338338,12938.352622630053
ZEC-BRK-NEOS-XVG,2117.777123074708,26099.516647148994,588,0,65818.42350696551,62660.58885214118
DGB-NXS-VTC-ETC,1125.8221938231752,16134.234115834983,582,0,20905.875630321316,42320.65229017737
EXP-NEOS-VIA-WAVES,593.7282053091446,7440.73681140796,482,0,12150.922013972402,18457.741333656755
XCP-AUR-BSD-DGB,908.7095836487964,13315.204419190635,520,0,12020.612786381322,30574.9592990401
MONA-PIVX-SPR-NEOS,1640.3424725197412,20801.87214237747,556,0,28175.405188532124,48036.39939570379
AEON-ZCL-EBST-SHIFT,8338.003981571484,87412.11486704924,806,0,22380.16737041037,203413.93418323333
SYS-TX-EXP-RDD,1101.1773152857172,15898.127826693082,572,0,16968.182517101057,40621.1040368852
IOC-EBST-XCP-EXP,1566.8443292340992,17630.836493749266,624,0,10745.512307112325,31702.03832663961
SLR-PIVX-EXP-CLOAK,1161.8710826389538,15469.565941882352,548,0,26968.50713621825,37194.37926046937
XVG-PIVX-DMD-VIA,3471.0064858937376,51849.49990938142,614,0,75852.44182185577,116650.6946391745
BTC-XST-WAVES-DMD,1166.7933623825818,22344.021557996988,403,95,23785.42122577257,53782.152385709756
ENRG-POT-BYC-ZEC,558.8324857680375,6642.965752825711,512,0,10683.218365007133,19119.461874943026
LBC-CLAM-SLR-MONA,1031.5988980375494,14083.386307937591,558,0,25136.204246312856,30632.48503143754
EGC-EXP-PIVX-SLR,804.0603632291325,11606.834880493447,488,0,12540.20563052253,25721.644119663615
ABY-PIVX-SLR-NEO,2376.908055332843,41628.28567197218,566,0,105612.28105770424,81568.30650284441
XCP-EMC-POT-VRM,969.1494926220342,14325.893530446509,532,0,12206.93604608648,29629.7514093953
LTC-IOP-BTC-AMP,528.4430527325189,9379.42436737375,419,95,14087.367500069662,24267.746111292938
IOC-PPC-XMG-PTC,1078.6670675229661,15922.18620011068,480,0,15400.555720462462,31656.43216974316
ETC-SLR-ERC-NXS,981.9807433317635,13398.6569871703,528,0,16523.11477476754,35467.25982761936
RBY-NEO-XMG-RDD,3708.727878453725,64662.4713746551,554,0,109877.70077014282,136996.93439920375
XMR-DCR-REP-ABY,643.2253456173016,10344.5000682061,462,0,18410.72252047946,33845.21166137858
NEOS-DOPE-ZEC-VTC,1495.3716368252274,20833.209983120716,574,0,18020.81778775048,43123.65049228488
SLR-BURST-EXP-GRS,1682.952259455232,22961.681529958827,608,0,65310.3565709643,69046.87361495642
XVG-XMR-SYS-CLAM,1475.9822922901715,24901.93352442329,548,0,71070.03452497839,64198.222535387205
NXS-GRS-MONA-FLO,4979.548490077223,66047.35316879113,650,0,87190.97190441775,227271.6110400097
REP-XST-DASH-XMG,1642.7764373039804,26094.805649714086,506,0,21877.647749145264,60159.01582867584
OK-LTC-NLG-XMY,1606.6368594012617,24647.545040107503,582,0,19525.836453482134,48561.223575747346
BCY-RDD-SHIFT-PTC,1255.3515565148452,18526.120823459285,536,0,20980.29569958959,42954.885648966505
NAV-ETC-VRM-LBC,916.9095410878505,14068.551547634475,514,0,11889.315446607452,26249.487290685
RVR-DCR-STEEM-XLM,1074.5383756958745,17252.949687829416,540,0,25359.209907032568,55867.245462069935
PIVX-IOC-ERC-VIA,1168.666287807711,15461.132085523546,556,0,19494.7758600053,39440.62990475865
MONA-NEOS-NAV-ENRG,1664.8002941961904,22148.458230630295,586,0,28393.04134314547,47814.91142312081
SEQ-OK-ZEC-IOP,1840.603571112518,23850.195948764664,616,0,17272.647608643278,46944.6392302946
LSK-NXT-GRS-BLK,2603.921003218049,41337.895947081764,582,0,76050.5211296847,117691.7371067768
SEQ-ERC-BTC-PIVX,915.9967897349369,17176.16537489424,420,98,23414.75214273485,46891.93059524156
XVG-NXS-GRS-AEON,11320.55100070543,148586.00230378218,706,0,128759.20383359314,453990.7618005968
DGB-EXCL-TX-VRM,1782.8558342532394,28737.38653989557,576,0,17679.69080390749,58737.49799856821
VTC-NXS-XRP-SHIFT,1734.3830445145884,25939.984540959336,576,0,24060.790557647335,59138.257764801456
ENRG-ZEC-STEEM-SBD,628.9487854515268,8068.124270871168,528,0,9833.404997245962,23388.80693370318
BTC-ERC-ETH-NEOS,479.8246054332845,9946.354014695991,342,86,17925.365746964806,30174.19480096485
BSD-STEEM-XRP-BRK,1289.720893125476,19513.384361789933,542,0,15639.830417716452,46133.5982059083
BLK-PPC-XST-REP,859.2382621040073,11906.3440119283,498,0,17144.864591065383,33248.970449555934
EMC-CURE-NXT-AUR,1166.4478524879646,17214.963433124212,522,0,14053.845781955773,37626.329567165114
XMR-NLG-MONA-POT,834.8673119446096,14542.810523413975,440,0,30139.901209071297,35019.0581540298
LBC-VTC-REP-VIA,802.5574408367693,12152.651724920624,522,0,20027.406852251894,31263.318454442127
DCR-OK-SLR-VIA,1310.359871546061,20559.87513059407,568,0,22862.11884711231,53843.482327727164
IOC-DASH-PIVX-EGC,927.2727965484012,14389.535950310745,494,0,15372.005078160535,30896.78804493535
WAVES-ZCL-AMP-MONA,2562.1109369737123,30918.52431139902,636,0,30044.25907184094,80414.7053698072
EGC-ZCL-XMG-SEQ,5013.350487243276,57038.634534752644,656,0,22143.54273617103,127395.57889062834
AMP-XVG-SEQ-PPC,1935.3222577037939,25303.741631054298,612,0,69679.88597463234,60338.9292762173
XLM-XST-NLG-PPC,1100.5618512835824,16940.53536671131,528,0,25125.706455978092,48881.857720213025
RDD-ERC-GRC-CLOAK,2126.2946067378093,29868.479244523733,604,0,34258.16323188171,84276.05936524746
IOP-OK-PPC-EBST,3456.514649727854,44428.294185199375,662,0,15509.819439819177,78900.43599701277
MONA-LSK-DOGE-EGC,1745.5381407047971,30258.598344179405,526,0,39164.55949891607,73822.9350636635
NXS-SBD-TX-STRAT,1600.0558980408464,20611.485409317193,600,0,14317.260527589913,46873.29173796303
GRS-EMC-NXS-DOPE,6450.691053714941,84782.79129102867,704,0,75050.92756921251,262738.5582977608
BCY-OK-XVG-LTC,2933.847554591073,42787.80077035212,624,0,73542.6336286787,94228.5793095798
EXCL-ZCL-XVG-CURE,8137.5858779675755,103012.78903117507,694,0,75148.14335907306,251343.60590192466
VTC-NAV-DASH-LBC,1051.1251330530781,17340.70718375581,498,0,19999.2576178346,35346.94542901991
GRC-STEEM-EGC-STRAT,681.1591692296037,10177.852306032617,466,0,12974.919372301378,25976.46620878111
EXCL-WAVES-AMP-XRP,645.126840172261,9116.28251959616,508,0,13851.621878597947,23975.77018588442
DCR-SHIFT-ETC-CURE,680.7221254118849,9878.194123711157,546,0,17370.51523845979,31199.870761947772
NEO-BSD-DCR-DASH,1718.8755569435978,35242.697721612785,486,0,112376.43684120268,103916.59652138909
PIVX-XLM-XVG-BCY,1871.5417648805221,30013.12107277971,568,0,74995.52354153206,75561.5983315692
AMP-NLG-PPC-EMC,505.58702085173763,5790.0344991321135,516,0,10282.67537632606,17970.663520032733
STEEM-MONA-SYS-POT,1144.595760383984,18807.17777946199,522,0,30886.115304943298,50395.62482453314
DOGE-BLK-LTC-AMP,389.4783474598154,5773.916016717285,428,0,12037.062769444796,16331.351480489231
SEQ-ENRG-AEON-VRM,2513.323205811117,32387.169047747688,644,0,18429.435824729855,58039.52415891702
SHIFT-BSD-NAV-EXCL,1819.4703448180985,29122.80057125663,548,0,21469.89826437368,59912.58717837092
WAVES-RDD-ABY-NEO,2708.5968844236636,46534.57766557836,576,0,108716.5657319031,101457.22452084988
BYC-POT-NAV-ENRG,816.9277037313254,11018.423575048182,508,0,13604.21858973503,25964.165720800025
RDD-PPC-XMG-STRAT,910.4824519578375,14969.823571633084,452,0,16128.613597847636,35026.66287647179
CLAM-GRS-STEEM-EXP,1190.0305352580358,17512.790178086874,554,0,64570.42230892959,54973.866376521444
STEEM-IOP-RBY-BCY,726.6992980447427,9349.876879707304,554,0,8230.590468775028,22157.802293521512
GRC-STEEM-OK-XVG,2753.4623868596373,40140.62689441656,600,0,71660.85918066652,97954.36354059266
SPR-BTC-POT-VRM,892.5499999654119,13930.342468732933,446,116,12198.420647408288,30857.17786040901
XVG-PTC-PPC-BTC,1613.6270485841512,32231.296093712957,403,107,73170.22762948026,80497.53081617181
XVG-DOPE-SYS-NXT,4164.7161935334125,61568.17470026305,614,0,72639.84597357226,128048.70774127162
PPC-EGC-MONA-CLOAK,2829.6388906027364,40884.739727245505,586,0,45297.79544055725,105703.36588369177
SBD-CLOAK-DASH-EFL,1904.085577634462,25961.48278209089,568,0,28735.626409530872,64724.28007271849
ZEC-ETC-BTC-VRM,436.2787116903636,8261.549465801127,374,96,12411.379026356313,22035.65204134352
NXS-FLO-XCP-XVG,2426.8217132739233,30470.487472661564,636,0,69590.1012129177,77572.86092233517
DGB-XRP-DOPE-WAVES,1021.5179667794104,16472.329554841115,506,0,15146.283859509442,39862.087318400256
XRP-AUR-BURST-DMD,868.4502945432909,14007.918704715736,482,0,14464.0671310446,31403.918622106896
STEEM-XVG-AUR-REP,1822.8205416298372,26214.437912730362,546,0,67548.78144659246,72482.23015264832
NXT-TX-ETC-CLAM,684.9298952376907,10172.442071873611,512,0,9728.36907083038,21290.037774372406
IOC-DOGE-NEOS-BURST,553.3759542750191,7062.671783525715,484,0,9224.995917387016,17486.64801791811
STEEM-FLO-BLK-CLAM,403.9600053776548,5357.61618972893,452,0,9561.184614283053,16638.343938321945
VTC-STEEM-EBST-RVR,3950.3517496451877,48255.26265245618,680,0,22802.54125201721,101401.54342372305
STEEM-REP-DCR-XMY,783.8198486243145,11724.614250702445,502,0,17800.357002938963,38868.35458331485
BYC-BURST-XMY-NXS,1609.6377149250538,21445.68468354339,550,0,19456.838317870093,50561.032220930756
CLOAK-XCP-BYC-STRAT,1452.4537411659503,17210.369044431096,598,0,28213.20987684899,47730.130525865985
BSD-DMD-IOP-VIA,1671.1673747570094,24325.706795444523,588,0,17860.80165965265,49378.938998246915
NAV-DCR-XRP-CURE,806.4074857311098,14526.069991726308,496,0,19065.014094422186,40311.798291173116
BRK-XCP-RBY-BSD,1284.7768091141306,16551.463796545762,568,0,11880.97237739291,34647.62273529535
PIVX-RDD-BSD-BYC,1475.376385035293,21688.613670013583,562,0,22105.940567741673,56836.164795937366
PIVX-CLOAK-ABY-TX,2364.1353990083467,32845.314021042665,618,0,29339.119271265125,75209.5726668191
SYS-CLOAK-BSD-PTC,2428.2333368117866,35354.994415983754,586,0,35582.92440286023,96637.93482331534
ENRG-XLM-NAV-BLK,891.7152761938179,14598.501425909677,508,0,18920.830952250002,35360.63186389713
BCY-CLOAK-XRP-REP,941.8911767462538,12496.030837348873,528,0,25807.447700784276,36218.07284362946
PIVX-OK-DCR-XLM,1343.7765118213981,24547.226418757073,562,0,28868.523208857747,71492.68816339734
LBC-NLG-LSK-AUR,719.9137789169253,9958.441172627041,492,0,18060.815847765585,23652.435745873117
ETH-PTC-REP-NEOS,716.8974607331136,11405.859452165223,439,15,16853.721713622504,29722.14120913737
DGB-WAVES-XCP-PTC,766.0690925703019,11882.688254961264,506,0,15505.685385427169,27902.880193645935
ZEC-EXCL-EGC-SHIFT,1201.7902826593706,16781.08385963938,560,0,18218.39251108566,43950.08750819566
AEON-XMY-RDD-ABY,1925.480678294621,30317.330731503916,568,0,18978.22823899984,58360.47784989262
RVR-ERC-BLK-XRP,1034.7461569193642,15131.771407640988,510,0,14823.92034622825,35803.891063907286
GRC-SBD-PPC-DCR,488.561370463363,6912.468758285999,466,0,12857.279607866576,22156.12038575331
NEOS-REP-MONA-ERC,1326.1546330205128,18505.226333410952,508,0,30390.544853362324,50061.6991763357
NEOS-DCR-LTC-SLR,565.4514473957677,9258.72798949594,466,0,17912.74494307937,26648.15959927955
TX-NEOS-BRK-XMY,1731.9908350785493,22857.342648094946,602,0,12198.413409493403,41376.990585301566
AMP-VRM-ENRG-DOGE,639.4373146144296,8116.396235252716,534,0,8714.811710373939,18860.10208396734
EMC-TX-BCY-POT,658.797610874767,9830.504339606458,516,0,11184.751430611097,22829.67051797978
BTC-DGB-MONA-XST,1936.9683875525295,37051.562130701815,463,101,39539.72714297777,102965.15168333118
OK-RVR-IOC-EFL,2089.6846095434385,27590.173266075155,594,0,15941.729186805565,45647.77783781596
XMY-LBC-EFL-OK,1843.7983522023887,27586.23774334521,604,0,15784.688975579593,46409.918209371506
BRK-NAV-VTC-SLR,1829.959543060291,25696.772860835634,570,0,19734.238277474826,50447.30299720748
BSD-SBD-BYC-XMY,2042.650970018046,24627.163654165746,554,0,15483.809949930663,54144.475667401115
BURST-PPC-ETC-EMC,489.3999814797827,6985.954499487181,470,0,12396.789791668174,22516.077337835803
CLAM-NAV-CLOAK-AMP,1015.7027216634904,12939.003459221165,532,0,26101.59518427099,33655.75688113277
ETC-EXCL-AMP-EFL,649.2596091798702,8902.999827293645,508,0,13172.904195771585,23351.518730481715
DOPE-REP-NAV-LSK,1763.116284143452,27410.524511847103,502,0,25734.07011398149,63699.820236741114
DCR-LBC-STEEM-XMG,797.3624475176415,11622.603423659617,494,0,17021.343774322908,35082.05136454854
PTC-NEO-BYC-BTC,2248.736189647446,45361.712878413586,429,101,113745.91337195873,117282.18254269054
EXCL-BSD-LTC-BCY,857.4715920252349,14283.320743799755,462,0,19408.18163106508,34969.1669105606
NXS-IOP-BURST-DMD,1771.7342598161165,24519.145736357983,616,0,16797.99094461813,49740.97237336585
DASH-TX-ETH-LBC,752.4128656370569,11881.019014576766,476,10,14813.750092452452,29655.027016850298
IOC-BSD-SLR-BURST,1005.6590493045386,14096.851184863557,552,0,12656.257893749253,29675.387240279455
CURE-XMG-RDD-SYS,1339.2041166341564,21839.650642494376,520,0,20100.048408799823,54653.56071622286
ZEC-XLM-DASH-AMP,492.1841153569392,8014.4769680793,464,0,18118.671362214693,23740.713250180972
TX-PIVX-BTC-IOP,882.8133275517263,16114.543195604057,447,113,14083.629792177082,36976.301062729544
TX-REP-ZCL-NXT,2889.741796986722,34656.447450293854,686,0,15757.349657891751,85294.03843387804
DCR-BYC-BURST-DMD,993.1523455639358,14130.811978004893,510,0,21611.791341710432,42903.88380908631
XMG-SEQ-MONA-XCP,2644.2422377970965,38117.318875364064,590,0,33708.22613191443,72000.53033195858
PPC-BCY-TX-NXS,903.5738077513969,11006.512689877376,588,0,13192.25944442687,27694.474307102682
MONA-FLO-EXP-NXT,1242.569377499953,17045.18098360119,554,0,27308.34653657602,38790.70543513312
LSK-SYS-PIVX-XVG,2609.9129144565995,41739.11669776285,582,0,81020.61056568073,111598.02352574577
EGC-BSD-ETC-RVR,1270.2860192006524,17900.569258813208,548,0,14169.148734110078,39085.62861357695
CLAM-RBY-ZEC-EFL,454.0281799210784,6046.473497671241,428,0,9035.736784906001,17818.053971542344
CURE-BSD-XMG-XRP,1299.370916263781,24074.373231684734,488,0,15772.286707160347,48193.56845032926
PIVX-NEO-SEQ-VTC,3970.255635446512,67264.62574378678,580,0,117569.01769143407,145133.45156724943
NEOS-NAV-SLR-STEEM,876.7859655041831,11904.179837822805,542,0,13079.325202741202,27954.444607418307
AEON-BCY-DASH-XLM,865.8350131595435,15929.189400295705,494,0,21193.035344917727,36572.96373314195
XMY-EFL-EMC-VTC,1826.825943080748,27917.068328468573,612,0,21589.18460440719,60578.45130345378
EXCL-RDD-AEON-IOP,2610.917961863967,37183.644632218085,650,0,20351.980808611905,75831.68137657014
ETH-IOC-ABY-EFL,776.8167122194513,12136.425143133643,476,0,13383.814115048091,27047.79309049473
XLM-NAV-IOC-SLR,1169.1473562344554,18654.212674231272,546,0,19606.79285589813,37277.208399405776
ZCL-LBC-ETC-XMG,1897.2313479496263,21812.904362894842,646,0,13269.374725172001,51774.97046461363
IOP-VTC-AUR-XMG,1756.2162977258567,27392.727584235305,576,0,15872.164840372383,47134.19289998973
TX-AEON-PTC-SEQ,2678.4920651724624,39013.58536895964,596,0,23740.385194776503,75750.90590176111
TX-XVG-NEOS-CURE,3109.512567966697,42663.58472640554,632,0,67426.11521116522,88925.92731680462
XMY-EFL-SHIFT-XST,2544.235826007708,36989.06487093367,584,0,23339.10242196819,74926.07445249792
BURST-SLR-CLAM-EGC,682.2336399198641,10632.457015965929,494,0,11570.029428727505,24565.098311051843
SBD-ETH-AMP-RDD,1018.3436497886374,13194.698372832154,546,0,15821.26891345694,35543.8673823372
IOP-EMC-GRS-SEQ,3963.18982336178,54157.43884680207,706,0,71546.18030603522,153346.08391256552
LBC-DASH-DMD-DOPE,1570.7601738732671,22314.164842178638,548,0,16878.306467396647,43617.22163946991
LBC-CURE-EXP-EMC,681.9769945857919,9391.350325059446,494,0,11353.102804414466,21396.81105655835
SYS-ZEC-AEON-DCR,673.6730714574313,10231.757806124879,502,0,19329.27543723702,37611.83017083738
NAV-NEOS-EBST-XLM,2781.279177875709,38724.13322489716,616,0,22843.33866296579,83680.94999213776
XRP-RBY-SYS-DMD,932.4287065024542,13994.554984379918,538,0,15703.252028177187,34874.07344865582
DOPE-IOC-ERC-XVG,4710.885554394942,60893.00328569122,608,0,72167.06451878081,136295.90477050247
EMC-ZEC-SYS-XRP,570.4441994876227,9139.072642877725,504,0,15269.210191037675,29465.845634085017
MONA-EXCL-VIA-NEO,5478.469892151827,90548.97172389578,596,0,129848.63221012024,222002.13170231698
EXP-CLAM-SPR-ZEC,452.64458721187475,4163.038558717741,528,0,6177.389865354303,13128.852938511485
VRM-LBC-SBD-RDD,1885.5436837065477,25126.84803349506,612,0,14592.066841328311,48315.87227107212
NEO-AEON-BLK-XVG,7683.376254537873,115698.66125997528,680,0,162119.86382984492,262843.6432543349
DOPE-MONA-STEEM-ZEC,1859.9529809308378,27818.607050266393,558,0,31912.135165270643,71302.60144014502
XLM-BRK-EBST-DGB,3389.5032090593327,47258.53258172647,652,0,23467.836323766354,109632.39223850695
SHIFT-FLO-NEOS-POT,708.5941682300621,8132.989758876649,582,0,10664.473420835986,20713.014739896505
BSD-LBC-SEQ-XRP,1152.300610721002,17081.48707464097,522,0,17167.045269404323,37064.52107058464
BURST-SBD-VRM-DGB,1278.693169462419,17664.355754136428,588,0,13117.370048643013,40858.30401459086
REP-ABY-POT-MONA,1236.4612505033315,18129.44716032779,566,0,26835.264177940327,41891.81015027271
SBD-BSD-DMD-DCR,1236.8437080114597,18930.491139253176,488,0,19020.703185168524,49006.807435487266
CLAM-DGB-EXCL-XMR,721.8066200226986,11677.68799244991,488,0,17844.678645537322,31554.26800352759
XRP-EMC-SBD-EXP,903.7947474290962,11825.64723959947,516,0,11284.128502568139,29036.526718922083
DASH-SEQ-AUR-VRM,1462.8651040464567,23821.020424933162,504,0,17670.636798748306,42650.08390853881
ETC-LSK-RVR-NAV,1096.5607936973215,17084.672918518652,508,0,22838.919918473643,37142.10359586867
MONA-GRC-PPC-ABY,1029.0269344944365,15410.600395644593,528,0,26523.289678460023,35850.206106379555
CLOAK-IOC-XMG-XMR,2001.5134225763368,28361.303134895763,562,0,31087.80496521475,63483.827061551994
DOGE-XRP-FLO-BURST,474.83630475345063,7461.870881700188,444,0,11561.240106198222,21159.173434561686
ERC-SPR-BSD-LBC,1356.714302277248,14890.770788679736,610,0,14055.424360212304,37769.55153151416
DOPE-SBD-RVR-OK,3887.1485517824294,50475.41949067436,624,0,17481.04314164946,82281.35118939055
BCY-PPC-BLK-EFL,381.3593176181224,5110.029527408427,448,0,8666.943437930797,14990.626222374389
BTC-XMG-EXP-XRP,608.2324689016358,12034.779081303072,352,90,13637.356937247092,27030.517940680555
WAVES-LBC-ZEC-ENRG,439.2011126062576,5112.930741158025,458,0,8011.49625920062,14850.169349159283
BTC-CLAM-SEQ-RVR,723.3528067460031,14107.170668166978,372,108,17377.893666733937,30358.323912645545
STRAT-SPR-SBD-SLR,1113.7218343316113,12502.746885907043,614,0,8316.279941770952,28507.06512454082
STRAT-PTC-DMD-AUR,1103.8612125840957,17911.057821801114,476,0,17102.231516001695,36153.01434427902
LSK-BRK-XMR-EXCL,1654.261008946476,25983.47351061518,500,0,29014.20537950308,60171.90106953659
BURST-STEEM-NEO-BLK,1785.0237118746807,29942.28564132635,534,0,106049.76882345424,77787.50662830881
NAV-BYC-VTC-POT,1191.9635726488752,18180.27892648432,534,0,20901.366830428735,39778.07268023851
XCP-XST-ETC-SEQ,1597.5773142341027,21166.236303829304,594,0,21586.298507396474,46947.877375
DCR-SYS-XST-BTC,966.4777397907757,18708.947657994904,430,106,27550.346889640772,66616.87833939499
NXT-NLG-SBD-RVR,1308.046989602655,15456.510140256443,554,0,11036.249320883024,29161.50960372388
CLAM-BURST-BCY-OK,747.4508137389704,10299.131756753613,554,0,12646.597726695405,23240.070191610088
RBY-BURST-ZCL-VIA,2679.5220829436876,30071.79799706082,674,0,18698.20079714684,83915.74174057238
SYS-NXS-GRC-ZEC,661.9278995386168,8483.445634123867,530,0,15494.082851317133,27056.819482950013
AEON-RDD-DMD-NAV,2368.564253595873,35434.556572791436,596,0,23311.834081424568,74494.83075720357
NEOS-ETC-BYC-FLO,535.8537503308695,6317.179988918094,508,0,10670.669638147778,18089.103166982222
EGC-NLG-XMY-ETH,993.1342204248954,15072.211643705223,480,0,15545.672156366716,35954.56748572353
BURST-XMY-SLR-IOC,1020.3546908752481,14284.099301045413,534,0,11806.11381574304,27551.032118573472
STEEM-XMR-EGC-RBY,941.6143138569073,14157.343830498092,486,0,16917.180548455013,38706.90224092908
NEO-ERC-DOGE-ETC,1321.248316015523,21610.269135968338,518,0,105842.09017907866,62119.522146620315
DMD-NXT-XMG-EGC,2005.3846295852848,31291.560063284265,548,0,17560.27881428474,54638.960566028756
GRC-POT-IOP-LBC,611.9005906300463,7662.742531562483,542,0,6027.064504835065,15628.129062804099
MONA-FLO-VTC-CURE,2061.3819558674377,29609.221820574097,588,0,35190.25518022166,72372.18799149209
FLO-SBD-DCR-NXS,1075.4038042686175,13185.725402318529,558,0,17867.758317361633,44553.524083763536
EXCL-ERC-VTC-ENRG,1614.9006480213952,22612.395664257416,558,0,23449.71468280268,54536.53575282235
NEOS-GRC-DOPE-SYS,1089.2942020895953,14434.574983601411,584,0,13699.592867417758,32601.829928358587
ABY-NEO-ETH-OK,3770.589846037962,64863.14131123717,583,27,110596.39320828597,138224.74695071275
BSD-SHIFT-PTC-ETH,1298.6596817694474,21344.357854661765,514,0,22465.253008880223,54018.84746896989
RVR-DOPE-DGB-DMD,2684.0406541586462,37937.34436973514,606,0,18289.00559387438,68609.46900773089
ZCL-ZEC-GRS-XMR,4323.710077518436,60407.86010539875,692,0,72460.83680872392,193654.92675803087
NLG-ABY-ETC-XVG,1505.8645654040154,21063.439952369637,566,0,64758.38014313521,49858.80439834101
XCP-ZEC-XLM-BYC,734.685440384401,10608.834594545808,502,0,19500.73122345541,30583.862865284707
EXP-NXS-RBY-RVR,1279.1164531770619,14881.501060468567,578,0,13456.874313176322,31894.344469267
BURST-NAV-STRAT-XLM,951.5848764634499,16459.647100669332,480,0,21673.618313291783,41470.04620073596
CURE-VIA-AEON-SPR,1983.0766946261817,23100.65553574617,656,0,17539.831756263735,55327.32543320658
BLK-CLAM-EXP-DOPE,791.0021414619209,10206.054842114916,498,0,9500.560398750382,21512.073072654362
DCR-ZCL-XRP-RBY,1595.030151603959,20915.853802967977,596,0,18488.59491781882,66019.60792646326
VTC-SEQ-SYS-XMY,2115.2424549602565,35055.51266696272,586,0,25282.303224975407,67260.32536812102
NXT-XMG-RBY-BURST,1259.0251176170948,18433.99095109918,526,0,13579.229541056018,38715.80888618661
CLAM-VRM-ETH-OK,1423.26545485062,22481.5959602257,556,0,16929.246125643935,42816.73211586691
DOGE-NAV-XMY-SHIFT,1127.962636774545,18231.047283011794,512,0,15980.204647145682,36379.70659726755
DOGE-LBC-OK-TX,1338.5253003764574,19920.84362825695,586,0,13712.33565605645,38784.893224811465
SPR-CLOAK-EGC-NEOS,2571.63679058457,25930.02345239194,658,0,26379.737079068553,63966.79897288295
BTC-XVG-SHIFT-SLR,1909.3030782082733,33254.95537511044,459,109,71221.07356363235,81577.75308309535
BYC-VTC-NEO-STRAT,2881.4879578511886,45524.29336759457,600,0,112887.75307881249,108577.126344839
DGB-XMG-EXCL-EGC,1763.4838052515236,27512.516541363013,550,0,18900.395945084078,60435.56578957761
PTC-CLOAK-LTC-BTC,1359.8061076205686,27994.566078066866,403,101,38091.10840291324,79291.29296288856
XVG-VRM-PTC-XST,8086.058853436963,112087.88664173034,654,0,80558.10193348941,226749.0574513742
IOP-DOPE-XMY-BURST,2344.173540508898,32428.183070029085,644,0,13913.45573966786,59342.447035035424
EXP-SPR-NEOS-SHIFT,901.6564063706853,8932.102874805012,610,0,9573.642295422758,20982.817324222695
EFL-BCY-BURST-XRP,582.5257590035883,9037.342318713685,484,0,11960.121552706885,22057.308749447504
FLO-DASH-ETH-ABY,624.4136269920234,9930.821444124025,439,11,14556.15794324816,27146.088041127245
IOC-BCY-ZEC-ETC,277.714307149896,3044.6162626123246,432,0,6579.271510468539,10284.1611450335
STEEM-VRM-BTC-ETH,723.6615032215171,14655.43335480552,389,95,18379.946598386516,39221.26715337153
NXT-NAV-SYS-ZEC,727.7628233452984,11634.288608363773,494,0,15541.643404105747,29932.4323709967
AUR-SPR-XLM-XST,2060.692014753407,26641.790323634334,644,0,24654.138502280366,71967.98358689237
DCR-NAV-EFL-IOP,1033.8078915943959,15096.384632703677,588,0,16757.319259694337,39464.499998099694
LSK-NEOS-AMP-AUR,818.2813796471594,10144.105370505422,532,0,17177.636517211864,24152.27537164756
BRK-SLR-STRAT-NEOS,898.599625984719,12250.020954918815,540,0,9664.516478502395,23710.727816772916
RDD-AMP-PTC-RVR,1636.745701644677,21384.298884254204,576,0,19635.37796638111,45683.64689938322
FLO-BTC-STRAT-DOPE,904.9324323668038,16055.236418279084,406,114,15243.270434223556,41122.90875399889
RVR-EFL-NAV-NEOS,1209.3258546519194,16934.159554135196,488,0,13929.485881945704,32341.779669956486
EXCL-XST-OK-AMP,3091.6868509032815,39497.975422850715,662,0,25165.308627331106,82537.82451172429
XCP-XMY-NLG-NXT,938.2342755016871,13798.15719563702,496,0,11209.471073115523,24857.580805742142
SYS-SLR-GRS-VIA,2322.7508038493047,34020.449191134976,630,0,71986.10513446524,115269.29142443015
LBC-NAV-EXCL-XST,2001.3324549390584,31190.34886607575,544,0,23880.551463523043,63811.84626044643
TX-XMY-IOP-OK,2834.094607258858,40436.062432411956,682,0,14833.977583947353,63626.981642822386
ERC-IOC-EFL-VIA,1135.4981348379679,15660.930606235386,522,0,18531.949121910646,38820.216942012645
SHIFT-XLM-NEO-PIVX,2869.652925037788,51750.29760174142,576,0,116448.84840352107,132173.98900641
NAV-XMY-DOGE-NXT,1189.1303116069002,20459.54990468456,492,0,14449.18052801,34505.58840772566
EBST-WAVES-XMY-DMD,3077.3797864179464,39050.4571894708,632,0,17883.915020599634,75920.74997691117
XLM-ETH-RVR-ZCL,3111.9253927298223,39051.79604676242,639,31,25430.21054508826,105188.21924971735
EXP-SEQ-STEEM-XRP,990.5238347090942,12717.588567861669,562,0,16374.544646974895,31406.527132299238
STRAT-LSK-BYC-SHIFT,1158.6234632852422,15717.004821407763,536,0,25437.54528126198,43058.59136399178
EFL-BCY-XCP-IOC,598.2190561503679,7398.669423560966,506,0,8481.670828631237,15926.505094401122
ABY-STRAT-XMY-DMD,1478.0042195651288,22555.45424099136,570,0,14128.627149650463,37459.21765205037
SYS-NEOS-LBC-NAV,715.1786023996586,10365.691778287286,502,0,12909.94353603224,23640.034487434263
XVG-SLR-ERC-DOPE,4440.606722054342,61481.03749170772,614,0,72591.39776986235,140028.26551853528
RVR-VRM-SLR-AMP,1460.2184462155024,17888.172564035416,608,0,10916.007658644441,31201.269019552394
MONA-XST-PPC-RVR,3270.832144790024,44607.921128522576,604,0,36481.83333737563,96714.42556656225
GRC-LSK-BLK-NLG,546.7841398451894,8025.632328198786,454,0,18423.2623695882,21353.25422796867
ZCL-NXS-MONA-RBY,5331.525073954054,59228.59944281454,694,0,34844.87357449094,160460.76278847601
AEON-AUR-NEOS-BRK,1462.7099663210186,17613.712073495815,586,0,12053.018417275951,34753.66759475481
OK-RBY-ETC-SPR,1548.655811414588,16212.669090160245,608,0,12020.220254401906,38394.48130075117
ERC-XVG-LTC-DASH,2459.5437849084083,41215.16912889876,544,0,76320.7947079497,107686.97433606269
STEEM-VTC-GRS-ZCL,7997.153502445053,104676.19628449372,776,0,77313.66990987284,320064.5116187618
LTC-CLOAK-ERC-RDD,2563.500776737445,38239.265641256025,594,0,39328.322920654486,113048.11294006524
SYS-BRK-ENRG-EXCL,1282.42136118573,17700.413390834437,560,0,16616.671828202918,41908.09580436145
RDD-EMC-VIA-TX,1867.5135343564064,26926.2461519696,622,0,22780.545948401785,70663.32156647873
EXP-PTC-DASH-NLG,783.9356257591135,10708.111909874604,488,0,14959.13740169523,23795.815364210503
AUR-SHIFT-ZEC-EFL,783.0794149726024,10426.595224506318,512,0,12816.82280190738,28051.07676222666
BURST-NAV-PIVX-CLOAK,1549.1799840656718,23349.829951323773,508,0,32317.633397455793,62175.8641090187
NXS-AUR-WAVES-LSK,1052.533897309,15041.376588392559,480,0,23744.84294873037,38617.56068944536
VTC-PIVX-IOC-XMY,1633.427620308718,23805.88587055102,562,0,19430.38789800871,42933.20694871239
IOP-RBY-DCR-XCP,788.7959887383831,10246.734553913675,578,0,11784.660901858255,27093.02289608046
LSK-PTC-ETH-LBC,1022.6688664721914,16372.206184945331,500,0,26876.843982073973,40892.4693143119
XCP-NLG-AUR-MONA,1052.0653863629648,15022.055851471108,518,0,25802.994325198197,33144.91232252834
BTC-EMC-ZEC-NAV,531.4825603402782,10842.502146137214,361,101,17113.6406923743,32429.79021189188
AMP-ERC-DCR-CLOAK,1231.9749605718746,15999.423438826758,566,0,33102.69352473969,58151.68494962733
EXP-VIA-XMY-XCP,921.5836016340202,12350.490748680326,542,0,13574.014684357684,25070.970713248014
RDD-OK-CURE-VIA,2472.6075972429635,41079.74578990646,606,0,24590.147736601968,84135.25198736152
SEQ-OK-STRAT-DCR,1496.5561876250904,22039.919868954446,578,0,23818.081590127207,56400.0692539526
CURE-EFL-PTC-NLG,1001.0198543936966,15105.722136743238,476,0,16761.59320346371,34071.19512863548
NEOS-DMD-TX-NEO,3296.6315158173893,53453.72249674457,594,0,106684.30428320967,98528.32525286233
PTC-POT-BSD-CLOAK,2236.4605218114657,32885.05580901792,564,0,32393.67852434599,74006.20324875208
DMD-OK-EMC-AMP,1649.996174510138,22489.69470761398,634,0,18351.28472407768,49040.65615026925
ENRG-AUR-PTC-NEOS,1014.4668082687062,13248.214535214407,520,0,12371.35513834465,27318.050271899727
GRS-STRAT-ETH-RBY,1802.2546496646535,25703.364094892415,582,24,67882.32917510146,90323.13739879402
SEQ-LBC-VTC-NXS,2044.1357636939379,27698.15774161604,594,0,24790.216520479913,55198.83981284334
SEQ-BTC-XLM-SPR,1211.0659694904184,19867.984181084186,463,119,24795.879390044418,56129.41587943384
DOGE-AMP-ETC-EMC,399.3171707508991,5128.974025269077,494,0,9768.886974295974,16050.521812320329
CLAM-DASH-VIA-RBY,672.6404213864555,9548.178781748213,482,0,14410.77536342874,25654.333089313768
XRP-SPR-BTC-DCR,617.9786550036054,10465.51456706562,424,94,17181.33083036656,34551.71812946296
XVG-CLOAK-SYS-ETC,2897.3272419724417,41783.28604564784,616,0,83946.83342995215,118955.76193482337
EBST-BRK-AEON-GRC,3174.688748180971,37596.147570492,662,0,16578.79873292764,74298.24945738421
TX-EXP-GRS-BURST,2249.042416638878,30561.83431813808,638,0,66481.29094304613,90261.16286014029
XCP-GRC-RVR-XST,1711.370642955011,22006.59309917942,578,0,17998.980382725338,42512.75052349569
TX-XCP-SEQ-NLG,1106.1637660782892,14400.716956240367,560,0,14917.926762166178,31160.811777848794
IOC-POT-NEOS-BTC,468.6942702933784,7979.858568128691,369,95,10024.76654918388,17270.938547296457
IOP-EXCL-XMG-SBD,2050.427157132746,27283.483136407995,594,0,13484.522954730826,52122.02867428983
VIA-SLR-ENRG-LTC,852.4277549833339,12937.891398183858,506,0,17847.840030692918,31254.232707635703
AUR-SEQ-ZCL-MONA,5213.332128328978,61108.13323230232,642,0,35654.55223946549,141910.5982924762
DCR-DOPE-XMG-GRC,1228.867447155824,19702.09681962073,482,0,18586.395445612718,48947.79524583023
XVG-MONA-BCY-EXCL,3995.2971652881474,56939.614685881636,608,0,86695.10071441272,129745.73889398227
XVG-XCP-BLK-GRS,4555.024427834268,63932.42794531155,674,0,120406.55282181808,181099.22460508728
TX-NXS-ABY-AMP,1330.5102339639616,16787.607188233218,610,0,13652.182949115055,36678.15799620722
RBY-BSD-AEON-ABY,1581.1932996422775,21524.809135748772,584,0,14386.076989541694,46508.96349127854
SBD-DGB-BURST-SEQ,1352.9564629869465,18159.63200830157,540,0,16964.01713008204,45852.10860778293
BTC-STEEM-BLK-NLG,367.7102835193895,6660.5385457711445,336,92,13066.672881619215,21110.763848842085
XMY-PPC-XMR-DCR,652.8740627626012,11288.144489402996,456,0,19240.01829205371,33517.459334140585
TX-GRC-ZEC-BCY,457.00756909566473,5780.854781035674,498,0,8581.819212277696,16348.195228581986
BRK-IOC-XMY-NAV,1756.1024725941602,24716.453107769437,572,0,14117.39553047582,39914.28674861314
ABY-DGB-BYC-SLR,984.1631047563415,13037.430281792043,560,0,13655.382171994097,31950.916334965987
RBY-BRK-BURST-SYS,1085.8072380836547,14676.437489550426,566,0,14085.174866383102,38450.45748996447
GRS-ZCL-RVR-DGB,7537.11295738013,92449.21868269352,774,0,71447.05963938317,272546.1512707897
GRS-NXT-NXS-CLOAK,7286.577868895612,93141.55792277864,706,0,86983.3911759149,277550.67767013155
STEEM-EBST-STRAT-PIVX,1866.206959838224,24594.975690640324,574,0,17343.99168558652,59075.297773068836
IOP-BYC-REP-XCP,933.1678898839641,10504.258126625731,602,0,10549.645044923014,26237.46718270835
TX-CURE-VRM-ZEC,1228.7998244160003,17674.75965383714,556,0,12991.377576367904,38520.33744797218
ABY-LTC-DASH-POT,682.1740405285415,12450.0907684054,440,0,15462.325548654022,26847.207300779373
NXS-VIA-DMD-RDD,2478.4519876477234,33071.727009226524,604,0,26406.09922350339,78612.06964604558
ZEC-IOP-XMY-POT,886.0275017400152,12131.51357723757,578,0,8445.714996062623,24733.50881276701
BURST-EGC-NXT-ZEC,867.3691897462436,12588.020035129797,526,0,13822.168696079607,30989.427876054644
XRP-EBST-STEEM-WAVES,1705.5320843490688,23834.795101842603,580,0,16150.604762203613,56858.59334747243
SEQ-DOGE-SYS-SLR,862.5770186987354,13293.640216150112,536,0,16801.94654421368,31294.97689650839
XLM-DASH-RVR-LTC,1270.6393611611995,22880.237722343936,518,0,25476.44877544185,54061.24188767263
SLR-OK-AUR-XST,2603.688973534683,36399.63537081754,632,0,21440.196976403204,69402.68193864242
FLO-ETC-DOPE-BYC,1069.6550088289198,13418.231386857007,548,0,14573.18298730428,36109.14091505601
EGC-ZEC-STEEM-STRAT,640.5455057222683,9151.401764599126,466,0,13127.223788776113,27043.396572652884
EXCL-DGB-PTC-LTC,1415.251948370842,22887.38553691087,542,0,24761.966763218417,59348.70167200939
GRC-EGC-XLM-SPR,1216.7932496533888,16092.590918306785,610,0,18457.896901612236,42214.20015230254
BCY-SBD-VIA-STEEM,660.3541956702127,9515.044302414542,476,0,13898.591412842174,25368.892892626198
EGC-XMG-NEO-NAV,4131.914511614579,68987.57190413142,554,0,109705.26030640055,144016.65911524638
LBC-BURST-SEQ-NEOS,1025.7369593429949,13324.235943557846,530,0,14486.773238336333,27069.398779717507
REP-VIA-RBY-WAVES,624.0674592091173,8941.701349627527,474,0,14175.182653772388,26337.45399907447
POT-VIA-LSK-PTC,1298.9868638396135,22206.089950863392,510,0,28430.138936946183,48725.79976892455
EMC-MONA-EFL-DASH,1543.7940815236213,25780.282495566888,506,0,33356.14270430905,65671.94727233924
SHIFT-GRC-BLK-LTC,656.0010188063238,9612.992018923973,460,0,15875.338014514513,26462.928775877102
AUR-SPR-AMP-SYS,770.365135658646,8508.218910830868,590,0,9643.72359018093,23634.912975803854
XLM-BURST-BRK-MONA,2276.261068017866,36062.56786316529,568,0,37762.65612898777,91536.17577503572
ETC-SBD-NAV-NXT,955.5414090281143,13489.17051370242,502,0,11925.965860708777,27705.127663098105
CLAM-PTC-XLM-REP,774.3890813809365,13796.553672226057,458,0,21507.67912305532,35081.72021111559
NXT-EXCL-DASH-RVR,1670.3251863987189,25080.012910252684,504,0,18316.218657489775,43142.068075081086
XMY-DOGE-ZEC-STEEM,589.1960387878734,8372.328623647352,468,0,12189.017982299638,24283.984757400085
EXP-CLOAK-BLK-RVR,1512.0156320019014,18430.084828398725,564,0,25359.610868964166,41478.2349759824
SHIFT-DOGE-TX-GRS,2636.64081489515,38150.079679515664,640,0,68651.71406482953,112509.47128241719
LTC-FLO-BRK-GRC,790.8921071934228,10841.026505999556,480,0,14762.586438005523,28248.757129613932
NEOS-PTC-SPR-ETC,975.8741942814196,10810.522601687653,556,0,12150.90754788744,26087.473591478498
VIA-BRK-BCY-DGB,827.5016921786718,11507.590300207676,516,0,15025.090018442837,28597.150256516707
EBST-BLK-NEO-VIA,5801.587083237736,79538.63632602926,630,0,110732.8251393769,180160.1083909259
NXS-CLOAK-MONA-SHIFT,5067.093512425117,66957.50432518781,664,0,50644.15805691536,171581.8205023162
IOC-SYS-NXS-NEOS,1096.154378130001,12509.999150089976,560,0,14835.143060290991,30057.690284870343
SEQ-NLG-BRK-ERC,1336.0100631895427,17184.34376271885,522,0,19134.24981808653,41367.957431152965
WAVES-IOP-NXT-EBST,2586.645750549447,32088.069017412436,670,0,13046.490591232145,57924.147250362206
XRP-SHIFT-ABY-XLM,1091.2478694415179,18110.83464481683,546,0,21213.620665024093,45587.2337091311
REP-VTC-XMG-BURST,1298.5292967391736,20559.45829807022,562,0,19618.21740090452,48327.313230307154
BSD-ABY-AEON-ZCL,3905.6370951866256,44711.66734380589,718,0,18379.732976748935,106507.39983561472
DOGE-GRC-RBY-EGC,571.4653006062822,9084.19441102878,430,0,10352.474151624985,22366.328815533896
ETH-SLR-RBY-SBD,834.6622477311965,11955.92719405355,468,0,11491.233601557577,29737.7972250865
VTC-ERC-EMC-XLM,1806.3614297230138,30168.392470858184,606,0,30472.461303545908,85843.04663680415
ABY-SHIFT-BURST-ETH,994.3943922675082,14278.034368508497,536,0,16654.972648723975,36476.81906226911
XST-CLAM-SPR-CLOAK,2650.4993925879294,28603.40968412899,658,0,32309.90216944262,74353.86809383216
RVR-WAVES-DMD-ENRG,1107.944149795488,15101.857298883031,534,0,13495.137762784932,30277.372317326528
EBST-NLG-ERC-BURST,2175.253312470664,26643.962599383987,632,0,17827.17007480462,66310.50931029936
EXCL-PPC-LTC-DMD,886.3639583026222,15374.952519508677,454,0,21231.75117091902,37165.72224137389
BURST-DASH-EMC-BRK,1129.3975596758457,17477.219186973918,568,0,16637.98283617939,43443.13465063162
FLO-ABY-XST-EFL,1812.859806567584,24654.391550540153,622,0,19176.652808149724,56988.68141644985
DOPE-RDD-NEO-SLR,5482.4746377550055,89724.62861942177,638,0,111403.94783655422,188406.00945276427
SYS-DCR-EFL-DGB,687.3517164961023,10415.574946190207,528,0,19436.294343619364,40094.56510744969
POT-RVR-EBST-XCP,2389.5872664093968,27591.023662852152,658,0,12973.495369199583,49128.322360561986
STRAT-BLK-SYS-VRM,931.7399085163828,14565.745183210964,538,0,12861.892940946893,30763.0082740685
SBD-XMY-EGC-DMD,2046.1128469539042,27994.39247649322,582,0,15420.691010920058,49864.14653936997
XVG-FLO-CURE-STEEM,1938.2826130187239,27897.145130724362,568,0,69082.99120058092,77358.01861505728
STRAT-IOP-NLG-GRS,2110.361173954634,25720.68435365305,698,0,63401.34453235852,76562.12134488004
BYC-XCP-ZCL-WAVES,1716.247153604778,18025.48967577407,634,0,15695.827590508725,50215.98308396134
DGB-XMR-RVR-PTC,1476.384564417656,21951.392776653312,552,0,21005.366735592972,51414.465296940725
SYS-VRM-BTC-BRK,1100.3895698428046,21864.163901629472,410,118,17009.304457758164,46354.926303923174
XRP-ERC-DOPE-ZCL,3743.165636851247,45912.25225536137,644,0,20840.194611848572,119991.60915966363
NEO-SYS-SBD-IOC,2536.081464816441,37014.12212357185,560,0,104702.73230674115,84866.20206097234
NLG-NAV-SHIFT-REP,832.4215140286794,11166.882417487408,518,0,14834.423659709035,30331.202139255103
ETC-BSD-PPC-DCR,405.9625048152255,6481.003130787675,420,0,15332.647663444,23288.201444754108
TX-CURE-STRAT-NXS,1398.9177515855606,18777.78611269696,606,0,16169.623433341516,44780.55518027738
ZEC-EFL-PPC-BRK,605.0696411917542,8577.28416198647,460,0,11317.462022045958,23199.061880496323
AUR-LSK-MONA-WAVES,1389.9609606484328,23397.108676658565,482,0,37291.97405560969,54391.56597715842
VIA-XRP-MONA-IOC,1698.3087583661954,25712.86446498088,550,0,32184.968182341436,56894.160023846496
STEEM-FLO-SLR-TX,924.7565724483873,12556.485358061342,560,0,12424.148952766198,32591.606098747558
NEO-SEQ-AEON-EXP,3695.981953236004,53321.48240263118,612,0,110315.17033273523,106022.12087754239
EXCL-ZCL-SHIFT-DGB,3198.0249137298374,39569.42878852864,684,0,21571.626291913097,104299.0065866344
NEOS-IOP-POT-XCP,723.9351784919471,9254.09531710522,564,0,5814.527929119648,16777.437032206915
SEQ-EMC-POT-ETH,824.5561169395752,13196.233304231037,476,0,19642.24993523339,34907.7891216588
VRM-BYC-IOC-LSK,1653.7093359115897,22331.538856713112,550,0,23536.024705483724,44904.81996177063
BCY-ZCL-XMR-NXT,1776.742858308239,22122.790864311934,618,0,16974.91701935835,52148.17718076548
PPC-DGB-EGC-VTC,1145.7545226637453,18465.673589681795,546,0,19134.881834025473,44508.64939319519
SEQ-ERC-RDD-CLAM,1337.2797477495496,19882.22553503667,580,0,22304.75292844635,48998.477070356625
FLO-ETH-VRM-STEEM,865.9397131442489,13391.431627371496,508,0,15785.874457013899,36240.3126098462
DGB-XMY-VRM-CLOAK,2893.3455055811214,40099.298377685016,620,0,30104.994132589956,86273.15240279387
XCP-DOPE-VIA-TX,2017.671393194719,25741.237886078026,632,0,17476.884157466484,54437.996573145385
ETC-PTC-EFL-STEEM,723.1954787419544,11242.172706373472,478,0,16877.393310309966,30880.466301190463
STEEM-NEO-NAV-SBD,2635.600834812129,45770.78220887699,550,0,107251.08018041287,102411.5114974443
BLK-PIVX-AUR-DGB,625.6833665552402,9278.76537755214,474,0,12108.382352992685,24948.33008774431
XMG-XCP-SYS-NLG,801.7571139569721,11405.488142729846,488,0,12795.935264517117,26193.900824463366
BSD-EMC-RVR-XST,3069.9720286263264,45027.87473730333,634,0,23942.995181141523,97759.4654200369
EXCL-NEO-EBST-RBY,7432.336128179448,106385.14631369007,642,0,110834.86497293934,221858.98533494107
CLOAK-STEEM-BTC-XLM,1262.4467202720384,25687.269069671886,416,120,38393.01628975055,86559.23700124891
STEEM-EXCL-FLO-ZCL,2396.966611131918,28138.49853148868,650,0,19346.589018257575,83716.96756700512
LBC-STRAT-ENRG-VIA,671.1812565965787,8642.114206107068,484,0,12519.649425540872,21551.566163816387
GRS-XVG-STRAT-BSD,6848.9267146888305,99671.40827210079,680,0,123949.96303620306,286538.6262432678
IOC-NAV-NEOS-XMR,875.9980247309111,12862.81286912939,494,0,14707.324278331467,26583.117289934173
NEOS-SBD-PTC-ZCL,3188.1108561943706,33479.11748654378,666,0,16645.561746596126,76675.9180308787
BYC-EFL-LTC-EXCL,1209.788294387018,17419.42340568518,504,0,22684.82949857912,48454.383576424545
STEEM-ABY-XMR-SEQ,1265.8310207027696,19271.010640881086,510,0,20542.45416037962,45761.172615069794
ABY-VTC-NEO-AMP,2658.4406415461767,39700.9598276173,612,0,108774.26329320137,85150.40985812132
SPR-CURE-GRS-DMD,4210.567711327087,49911.21249445349,686,0,68936.4542231366,140201.09862991027
SYS-XST-BYC-CLAM,1105.5773900802267,16021.499287236871,528,0,21833.65710869989,44891.428596614234
CLAM-ETC-DASH-NXT,446.81967656277715,7106.151662017402,430,0,10678.240194276457,16337.643128708363
DGB-AEON-DASH-TX,1545.7650065664614,22756.87726392479,616,0,16965.437283081483,54024.008073359524
ABY-WAVES-SHIFT-MONA,1623.1667134318307,24907.607414875474,554,0,30301.27806373625,55224.06792117521
DASH-XVG-BTC-NXT,1802.6902412323677,35951.45589274839,440,106,71810.85494002457,79452.06212852056
DASH-EMC-DGB-ZCL,2241.069470440772,28410.19347489501,632,0,19215.93912672247,79239.62642821437
PIVX-SYS-CLAM-SHIFT,578.5307824595814,8459.560820065091,504,0,15808.872850727563,25147.72413254912
EMC-NXS-MONA-ERC,2826.278882418003,37882.991305017385,634,0,37837.62486439904,107810.53142679232
IOC-RBY-REP-CLOAK,1350.2925751642174,16442.368025788335,572,0,25344.261828760158,42278.37981953978
GRS-DGB-EMC-IOC,2446.36452111121,32834.520930377774,680,0,68663.31711096282,108719.02602370587
EFL-NXS-WAVES-AMP,772.4502441074135,9608.122793828754,518,0,14229.848495240767,26465.396249107987
RBY-BSD-CLOAK-ZEC,1474.6592913642219,19740.776763145,542,0,27564.753967741213,55616.24940452223
IOP-DMD-AMP-BLK,878.5219322927512,11275.43284526344,572,0,9370.454022656912,22144.61020522964
GRC-ZCL-SHIFT-XLM,2595.6575243285733,31818.818466580087,670,0,23496.304573106492,89294.75194085548
ZCL-VIA-LBC-ZEC,1538.2319480033066,17600.6149711257,630,0,16497.31477380457,49146.49741414018
BRK-CLOAK-DOPE-GRS,9905.231558860312,126638.69511067969,692,0,85599.48651794596,357880.683735758
BURST-BLK-CURE-PTC,892.232824472998,14020.225966911563,500,0,16555.639006836354,33625.81200893515
SEQ-EGC-BSD-EXCL,1938.5314448697352,31408.31695263173,514,0,23294.007087733014,63702.68420820213
POT-DMD-LBC-STRAT,694.3841964592164,9712.113094959073,498,0,11138.59099757418,20398.860191587486
CURE-VRM-OK-XRP,2277.270103334204,37937.267775581946,570,0,17401.79180059608,63231.19000467572
SPR-STEEM-BCY-BTC,529.0842205718387,7626.102208650288,391,101,12072.280320605803,23149.666467759755
DOGE-PTC-AMP-XMY,803.9581275998311,11524.703976634362,492,0,14361.144077243473,25540.138740301052
XRP-DGB-GRS-RVR,2720.2404710871065,40158.19918495282,630,0,68741.38219205406,120872.43974948766
ZCL-EFL-BTC-FLO,1522.3919154797718,22492.672667732422,492,118,17187.78557853966,66910.23151298819
ERC-AEON-SHIFT-FLO,1453.6260981699982,17715.25981070231,618,0,18888.172143939348,49819.64055395924
PPC-CLAM-EMC-EBST,1356.7633061305169,17300.394306791957,594,0,14095.31990433009,42461.36858506808
BURST-LSK-ERC-REP,1066.9570652128277,15042.443509354736,526,0,25175.50038189049,46709.66476393302
BSD-XLM-IOC-XST,2526.8834504568667,36826.55928010822,604,0,27585.181754931305,85730.65872756782
EXCL-NAV-DCR-PPC,819.9420133767256,13298.09351699733,476,0,20821.108028568426,40131.29488103463
GRC-EBST-AUR-VRM,2406.579030846623,30218.03355246244,612,0,13480.728633468643,56182.688934253136
DOPE-EMC-RBY-BCY,1182.8578568519652,16982.981421073942,534,0,13511.463200998387,38413.40360737708
NAV-STEEM-XVG-PPC,1860.598622511112,28181.457368669177,514,0,70123.80664507068,74420.39896339737
