,hodl,hourly,daily,weekly,monthly
EBST-UP-GOLOS-AMP-NXC,2862.837012011128,8580.109668263101,6533.338293335375,7554.610014994832,3766.5802391037328
POT-SNT-GLD-GOLOS-OMG,3633.3303065174573,9877.66207073391,8527.960697977205,10244.097885578378,5018.562714464615
PRO-DMT-SHIFT-USDS-BITB,3006.5585420507978,12346.110128251885,6730.858956388939,5301.43106099446,4171.191049861808
MFT-DYN-NAV-EMC2-NLC2,2479.304801923597,8924.79716074419,6605.59695306027,6443.7267359229245,3565.3430725087874
REP-WAVES-FLO-CANN-DNT,3750.3880270676673,11658.181298724976,9709.760129420358,7463.0886101519145,4109.309713354574
EMC2-DOPE-MER-ADT-LBC,2715.308006322557,6714.737999589311,5676.727573717144,4537.3688329635,3493.9569293028835
RADS-VRC-FLDC-CANN-GOLOS,2953.542501040816,7707.277762295061,4799.120732210415,4238.8861580576895,3558.0822380323602
ETH-STEEM-BSD-SNT-PTOY,2455.736668054938,5884.236776383572,4168.179120012519,3838.092850395483,2860.6454072189094
UKG-BSD-ENG-TX-IHT,2525.4980899836864,11859.445410348791,6834.856219181274,5031.0672716908175,5340.388572320676
MER-MANA-HMQ-DMD-DCT,2612.2234960301685,6787.981650265165,5231.337061113147,5350.493426897642,4907.096669481063
SRN-NAV-BITB-LTC-DGB,2296.000832390365,4897.472372762251,4001.6994886045295,3975.172088306778,5552.496258891843
BRK-LBC-DTA-EGC-EXP,3022.6909425289705,12642.01818064069,8213.440831624592,5882.3418671293675,3821.393980502838
DCR-USDS-ETC-SYS-ENG,2443.609854158518,5118.543977760534,3510.411203276567,3237.015978253266,2713.7118994555085
MUE-UBQ-NXT-NXC-EDG,2840.156476618325,7908.331290182323,5999.875494631889,6650.369782042605,3279.5618121815032
SNT-CANN-ADT-THC-RCN,2250.3580406774317,4668.197381924272,3637.049622008572,2649.396258650858,2448.2218099220872
SHIFT-BCPT-CBC-POLY-GO,2754.657256515082,8433.485290063345,6623.996123735382,5765.317538747413,5517.721927302016
VTC-ZEN-XMR-DNT-ETH,2543.332437039382,4365.84557328094,3708.489546783128,3110.715245639379,2667.5091940586435
CVC-DTB-LOOM-BAT-GOLOS,3055.904107259703,8228.341032137745,7264.477323619209,6603.385402172497,4268.663898497323
ADT-FCT-BCHSV-REP-VTC,4134.0781981537875,67270810156.5378,264248.4310504,102183.15894903427,10718.38627314646
XWC-BRK-IGNIS-ETC-XEL,2630.960841601576,7111.288775284191,5416.151984247999,4037.2047748943614,2967.3572947313537
ZEC-RADS-XLM-REP-SLS,2799.541499720641,4799.693230879452,3839.375108996661,3615.490930337851,3128.1348507283033
NEO-RADS-ZRX-DASH-KMD,2556.7275750840745,4445.792362747608,3336.1739330271666,3094.2292843247706,2686.578623860692
UBQ-ARDR-EXCL-IHT-LTC,3067.443189737854,9574.595893506435,5788.5786664993775,4647.215278177312,3548.964397816249
SIB-SALT-GBYTE-BCHABC-PAL,3145.3268165588706,33378.75327938641,12374.214865208967,10568.107516332653,4144.867769550696
FLO-BCHABC-ADA-XMY-ADX,2782.2558860497784,12423.056569468714,8925.168617571373,6612.548697739167,3268.722910825304
UP-COVAL-RVR-IOP-PMA,2814.810995062729,3777241.9841527618,15709.010274227878,4635.151193569991,3857.7674992190273
GTO-VIA-ZCL-HYDRO-RDD,2395.3033326696745,5344.280480688744,4576.590397131206,3915.784593979469,2938.732868726944
MET-ARDR-GUP-NXS-PMA,2727.5261399627525,3905644.008688446,17393.932628798804,4813.971664601528,3361.664647023083
VIB-QTUM-NXS-BSD-NEOS,2699.770342637829,11052.21478882355,6869.956042137668,4286.876586520971,3178.321029060733
VRM-FTC-TX-EBST-ADT,2586.9759076527744,8618.578326144674,5482.613896036892,3982.554560071543,3552.313820071417
SPHR-SYS-EXP-GOLOS-LBC,3326.006819116956,7733.498044052619,6159.988829403918,5223.265391941021,4079.729005597621
MET-PMA-MANA-XMR-BFT,2786.0338780481256,3357399.7024608767,15807.266445166653,4743.740751716538,3631.7560343163705
ZCL-PPC-AMP-QWARK-DOPE,2958.4735093588515,11923.742262767062,8895.204994194864,8857.050111692915,4206.064813421017
UBQ-WAX-SNT-DTB-SYNX,2683.5349771244532,14441.628448637983,7879.80961102248,7214.01417975081,4097.927910456412
TUSD-RFR-SIB-ADT-KORE,3411.629398575804,25461.7054327433,12696.245543163079,8535.351453865367,4841.994916189936
ETH-DMD-ION-SHIFT-DYN,2843.307949090225,5884.206330790277,4436.437729180831,4150.993323119383,3361.8670332027373
ETH-IGNIS-AEON-FLO-KORE,2982.0074013180842,17887.430796137687,10087.454747888469,6491.561784626785,3806.648584888359
XNK-POLY-ADT-AEON-DGB,2647.7175054404925,101493.52976426316,11969.866709638589,5204.938220235521,3802.935281131099
FCT-OCN-GLD-TUBE-TKS,4421.899019539071,59417.107968077195,43205.65575887272,120282.03332519445,10717.293843693387
SNT-GAME-SHIFT-ZCL-MUSIC,2676.493696274728,5995.678488693206,5432.133869424677,3877.326639631715,3119.2358199870314
RVN-SC-GAME-BITB-VRM,2672.5267655323028,6932.783961434095,6154.420979495084,4767.943316238216,4399.962871881635
BNT-DGB-ENG-RVR-NAV,2517.13139127693,4391.7083621034935,3988.2454418775096,3376.6146238297965,2895.979853941424
KMD-QWARK-CANN-BITB-XMY,3123.479390877154,8202.515521811369,6452.773611144035,7473.080865045209,4179.019425154175
SWT-AID-IOC-XLM-NXC,2852.0243922045893,43965.0589288809,9823.254252266166,7763.362684530637,3746.5182442492546
XHV-FLO-DMT-ADX-BITB,3049.3520895301813,19629.743777601736,13137.806143036487,8657.764471152828,10504.72192074492
SBD-DGB-DOPE-TRX-RFR,2887.2354520003355,5470.5061609021695,4967.8957062978225,4681.60510421258,3453.6671315976173
NXT-RFR-NXC-HYDRO-STRAT,2794.176827966948,6880.9585119696585,5866.0404482929025,6397.889447496689,2956.6825675838977
MTL-BLK-LOOM-GAME-KORE,3380.298917445496,25331.382335299746,13612.271778565806,7876.255018569483,4745.761462441862
ANT-GOLOS-RVN-EMC-SYNX,3083.305726198322,15225.509583676978,10041.525569488727,8327.041605261362,4893.708214537299
IOP-XEL-RLC-XNK-MTL,2414.914384544086,104888.59583323669,13729.777266644414,5101.404962781209,3802.8916419218663
EXCL-STRAT-GAME-BRK-GNT,3251.8443345706914,17497.439524808808,9064.680707102656,5489.400799475129,3822.188168453349
DTB-ARDR-EXCL-PAY-SYNX,3333.01639301882,26221.213187238114,11674.488306645131,9003.73850596062,4141.365725857131
SBD-2GIVE-PART-OMG-WAX,3126.239279493422,8474.444256210021,6016.901932292188,5885.306631918817,3791.125085838631
ENG-BRK-BKX-ETC-DNT,2737.0593827929274,9204.099765411316,6656.7177943718725,4655.8781315487095,3176.458087814964
GAME-REP-FLDC-WAX-WINGS,2688.474750238859,7204.4696691096815,5316.823540144185,4710.58121684024,4521.443439813773
KORE-MET-BITB-PART-AID,2954.657657636761,25055.388584866738,13666.458362438674,8768.915405262329,4080.897342822947
SPHR-ADA-GAM-PAL-LSK,3100.7352616693684,14206.592686538608,6479.8708535513915,5526.73918983075,3912.776146047951
PMA-CVC-PINK-ADX-SNT,3230.4082546584473,4469039.6257786965,17582.524774557744,5028.423493413785,3965.553552563045
GEO-GRC-DOGE-LRC-KORE,3134.6452667206486,13434.145560153835,8329.80109327328,6133.702100664084,4549.927416412554
BCHABC-POLY-MORE-VIA-BKX,2327.7999310000496,9896.479981923241,7137.902194167992,6098.04181379352,3020.4000339669647
VRC-BCPT-ETC-GBYTE-VEE,2864.0377035096367,8477.474432059884,5830.882553512927,4914.081478903856,3696.882840306667
HYDRO-SC-POLY-BLT-GO,2383.9792899139024,6878.472547386814,4330.3353225020255,3370.972649013574,3725.5500885521815
ARK-ZRX-XWC-MLN-EBST,2715.2953947178507,5095.780990952648,3977.718116005296,3557.6279485204595,2997.941662992112
RFR-GUP-MFT-EBST-NLG,2796.6912441645472,6034.82427411861,5930.21419258787,6046.652531106527,3876.440401011789
VEE-XVG-WAX-MORE-DOPE,2703.43917519985,8916.259636147379,5600.7423254479545,4940.953415373486,3973.1856964288936
MLN-SYS-PINK-BAT-GNT,2885.1435087777186,6206.135849062321,5191.271065815254,4891.960739974909,3832.054337923148
GEO-GOLOS-XCP-ENJ-NMR,3725.684381341028,11387.361138777134,7953.001633998688,6269.000045424926,4687.8287222631625
ZEC-DASH-ZEN-UKG-ETH,2273.943530240022,4254.4819439322055,3967.8000871107506,3036.020281668704,2794.4388001943953
BFT-CANN-GBG-UBQ-PTOY,2578.065211882564,6597.701234149152,4456.952097475287,3920.670762306918,3049.3756604578853
MET-EMC-XHV-MUE-IGNIS,2349.2488687893147,9922.902929989705,6661.411335234036,6043.566305233961,6728.517004360246
WAX-ADX-POLY-NAV-2GIVE,2724.48703933474,8954.923731325309,5812.583264667572,4600.571307179594,4562.31142969517
RFR-VIB-MLN-TIX-DNT,2798.1583952171623,7736.327640331687,5724.766319282257,4410.877118479566,3203.090555060728
ARDR-XHV-EDR-VRM-RADS,2649.796036739014,8938.918584636442,6443.59107537953,5514.581708239046,6451.571279166841
BAY-DCT-SBD-BCPT-BURST,2615.015297326181,5514.1338315271305,5132.339746543161,4758.5778306918855,4009.4136103125375
DCT-MTL-LUN-XMR-DGB,2329.7444030757365,5739.3796457135295,5110.235700815614,4397.277271491879,3058.2638111545234
KORE-RVR-REP-IGNIS-EXP,2983.580766256953,11498.784316642368,6814.4889172797475,5027.832973355139,3572.3829621788477
BCHABC-EDR-BCPT-MER-WAX,2325.712709712479,16381.630904619504,11690.495786772524,9932.70044774426,4370.605792448911
HYDRO-SLR-OMG-KMD-DASH,2650.901101629421,4688.288035267154,4029.35814069966,3424.8039557964894,2661.3142003790413
UPP-IGNIS-ETC-XEL-FCT,3619.495773336827,19838.200352093998,19514.4369770014,35722.135662034016,6624.851213289645
LSK-MET-BLK-ETC-CLOAK,2993.8042440135173,8236.608288257565,5823.400572517092,4635.700903341125,3216.195833614305
LUN-TRX-MUSIC-GTO-BURST,2651.031528419704,5836.3161315746165,6141.539348978579,4991.199457827802,3491.544795065505
XNK-NAV-UBQ-MTL-CLOAK,2488.946541486273,103575.69117869846,12523.519205852608,5492.234829976476,3445.185772830898
XMY-BRK-ADA-VEE-NXT,2825.7189912785584,6667.823820946214,5463.959110906356,4156.00611633079,2947.28516745794
OK-RVR-DASH-XEL-UKG,2411.312394307577,5824.641721078113,5211.4269412451395,3927.541287782723,3861.200766745968
GLD-NXC-PTOY-BCPT-STORJ,3119.27143699759,22218.16348227738,13942.831090533215,20067.66876404795,5554.712024277556
NAV-NLG-DNT-SHIFT-XMR,3267.899878190728,6759.117601878703,5963.029909454372,5758.080702631351,4059.627845312079
UP-DCT-QWARK-NLG-ANT,3354.101699625289,10614.955942144445,8654.805314545492,10143.044247796444,5557.983752501628
OMG-TIX-GOLOS-NAV-DTB,2963.6221212850182,7556.899942665109,6653.698104079487,6749.774347090764,3662.5588045371087
SRN-MUSIC-BCHSV-TX-THC,2486.9190829551817,30813488963.48601,100321.25200185676,19502.422477969183,8863.6271759112
XWC-ANT-MLN-KORE-MET,2844.5035944564593,14348.77379888528,7876.774591477929,5752.0696877541895,3379.766933023277
ADA-BSD-UBQ-BRX-OK,2482.632402391976,7896.2508772892825,5087.779784020704,3769.2636156101476,2877.3581294323108
SALT-CVC-KMD-XHV-DGB,2411.6450874463753,5948.771871011594,5005.346593983721,4490.150124775019,6355.024971374925
QTUM-GO-XEM-POWR-SLS,2889.407480926402,5217.9440566208295,4491.8828242448335,4379.328153044165,4018.393598469849
TX-SEQ-USDS-LUN-DCR,2356.6476880889522,14407.989526824942,5629.2875734382615,3748.493027533601,3131.3390659766137
PART-TUSD-MTL-COVAL-POWR,3447.495947365287,9224.338556954614,8480.187118466813,8016.4235308918,4268.866458139064
NBT-MCO-XWC-FTC-STEEM,2534.9450653404747,5465.948717162386,4178.145109676006,3577.936684250577,3010.040792322
NAV-ZCL-PAX-DGB-DCR,2479.0468053655577,5781.312667990726,5544.788117384095,4893.626597783945,2876.119222728453
UP-POLY-BTC-SHIFT-XMR,2740.73267293473,4515.2723521875,3982.5610125415365,3932.120322187549,3310.8507070597693
NEO-MORE-VIB-SIB-SLR,3001.226069937299,11743.763809126614,6779.100777972031,5171.517171682146,3370.5249962302946
LBC-HYDRO-XVG-OCN-ETH,2592.3168132558912,4770.218091972996,4578.43090866033,3517.188510176921,2745.675133313209
VTC-BNT-DCT-MET-ANT,2424.9894960698794,5593.524028704176,4828.485956226194,4635.635230454816,3106.6964269544897
EXP-BLT-ENG-NXC-RADS,2596.265293344547,12341.686037842437,6215.147634437141,6169.635380293853,3128.045050962679
SC-MTL-UPP-PART-SPC,2767.5033966328056,8.088919860251462e+60,22947.917161964586,20153.51771412505,3490.9288308914697
ENG-DMT-LRC-BNT-TIX,2849.1239780395117,7268.4080276941495,6416.36763852605,4655.610345331488,3540.0455051514746
ZCL-UPP-BCHABC-VRM-NGC,2484.177618784375,9994.349155598096,7732.081903063809,7390.228637010821,3063.328671685256
LTC-SC-AEON-DTA-DCT,2498.266537091969,5756.645730420041,4751.629603230758,4075.2454435680575,3365.729644423275
NEO-BSD-MANA-GLD-SPC,2918.6190941189802,1.12533127529442e+61,20097.99865398882,24317.88316688457,4621.720216598758
DCR-XRP-XWC-POWR-KMD,2767.7479106578185,4433.254482076421,3874.131893728908,3504.7923821181157,2952.2047997024383
ZEC-HYDRO-DYN-DMD-LBC,2846.24222445366,5430.3865130349495,4269.915100388437,3923.5161447677833,3057.529162422445
AMP-BURST-MUSIC-DOGE-VRC,3078.583167012009,7474.889224921313,5541.280245853586,4558.517340426572,3781.013417204657
CVC-DCT-BITB-LUN-XCP,2570.4416296115305,7180.761787690965,5512.162884130281,5093.976350013796,3836.800277795918
HYDRO-IOP-LTC-BAY-PINK,2825.1892404304263,4901.61069064754,4144.462863900609,3864.780848660727,3399.022681093203
PAL-RCN-TIX-GLD-ADX,3526.6256035558245,32631.879491436608,12028.7345322348,12192.686744148345,5419.3316851813015
PTOY-COVAL-BITB-THC-FCT,3719.2095839275426,20524.556302986173,16051.800801457019,29304.7346439483,8395.772638349372
OMG-QRL-VIB-CRW-BAT,2650.120786751225,7564.5100826521975,5656.688150420667,4560.664596861828,3572.4636378225764
STEEM-XRP-BKX-MONA-UBQ,2398.2254411346908,6003.34997259904,4651.750480489718,4191.482591734789,2806.219237162031
SC-VIB-GRS-XEM-THC,2784.2805126177873,5498.333780618214,4673.8986082684805,4048.0615898455603,3318.300612536942
POWR-PAL-DTA-LBC-RADS,2909.1589633152053,15583.360370391894,5923.92901614304,5184.657320052209,3683.6756634342214
SWIFT-GUP-SALT-BAT-PAL,2812.708917264161,18080.854627054174,6555.453324234526,6033.3397904008325,4401.832124287189
ETH-RDD-NLC2-BSD-SLS,2797.592293294052,9444.383597374577,6194.677622028054,5426.627662267454,3799.4653961140757
XEM-DTA-SNT-LTC-PTOY,2762.9298989743293,6063.30332240518,5109.291937023198,4683.969113139461,3425.6166970650393
TX-NXT-DYN-CURE-MER,3056.2571166668813,11791.953602171878,7068.301889421529,5036.773693005808,3831.748565302784
PAY-DCR-PIVX-NXC-TIX,2892.008113083817,7146.272588604784,5778.578664191233,6114.295163208659,3040.6227872081117
SALT-GTO-CRW-IGNIS-ADA,2159.1787083413246,5529.004622782667,4707.702561435719,4139.115109038889,2960.871113109468
NEO-GNO-PAX-ZRX-GUP,2696.771162580244,6071.962652042699,5578.2781855584835,5875.226612368993,3249.3252859380354
MFT-GRC-PART-NEOS-XNK,3142.35518091685,169089.0454165278,19471.272798752758,7963.523622139721,3624.14392023214
CURE-VIA-ARK-PART-COVAL,3394.441480822015,8230.946141527489,6437.662939835395,5579.39516851821,3687.424682332757
BCHABC-ENJ-BURST-FLDC-GNO,2857.4305198450734,7993.305458279498,6897.110449769651,7421.753546149593,3170.5085425577086
VRC-WAX-EMC-PMA-SHIFT,3214.8668972433893,7758597.716789291,20813.783118416122,5907.762033301234,5260.560259965649
IHT-VRC-KMD-ENJ-XMY,3166.640908401226,6463.216582312715,4508.096723448087,4179.518740331627,3757.743470698442
ETC-GBYTE-PAY-STEEM-STRAT,3115.6353435165,5134.68579939088,4641.759189650431,4143.147857269447,3142.851132266046
AEON-SYS-PIVX-GLD-FLDC,3075.8337332059705,11455.852613563291,8412.757573588577,9185.006435503072,4595.867251406103
CLOAK-WAVES-DTA-SWIFT-SC,3245.7516555324232,12222.301404792237,6879.683412918778,6460.492670029184,3542.9922653264866
GAME-XEM-STEEM-BCHSV-DNT,3128.404827744708,24190686993.063843,83158.1550256579,16951.032007143436,5687.246864382381
UPP-VEE-KORE-GAM-MCO,2720.53894275533,16873.48769557952,9479.833915761046,6838.883571892593,3617.4200776819134
BLOCK-RDD-PART-BURST-OK,3156.0832039972265,6235.2642638576,5394.459776737567,5416.029220009447,3616.8981365970835
NEO-GNO-PIVX-DASH-FTC,2652.634108185748,4164.789994880593,3574.3636281129207,3328.442680511527,2773.76532129741
PINK-SNT-ARK-RFR-XEM,3085.9409602110195,5907.861263244371,5323.433243403872,4858.19690414807,3754.390223304238
UKG-IOC-CURE-BLOCK-ANT,3012.5139568732884,9020.507866207454,7086.945254695245,5324.849210611867,4205.94452372038
EXP-OMG-IGNIS-EDG-BURST,2813.6986094888384,5026.728012120243,4101.5502557998525,3923.5448330833897,3138.5637146613594
DTA-ARDR-XRP-SHIFT-STORJ,2849.658585040635,6051.4002663985275,5157.811051105924,4484.200287100161,3675.6898343737744
IOP-MORE-MONA-MANA-BLOCK,2552.2001028870154,6102.6089354140795,4773.162342703052,4299.118586342904,3305.4208394608177
QTUM-POT-BOXX-HYDRO-NGC,2730.0816831129714,5903.10828733051,4981.19999457974,4986.558219729097,3576.268993889976
DYN-MUSIC-EXCL-DASH-VIB,2876.8198991222607,14431.303445296402,7815.978301040339,5740.283875083874,3594.4230988200316
TIX-FLO-XLM-BOXX-CANN,2601.741446877352,9444.060695116415,7221.506085505052,5885.977704259828,3831.367666093081
IGNIS-XEL-ADA-BLOCK-DCR,2197.05839467648,3641.9171594050013,3395.6354223071658,3074.427981509869,2650.408440016489
DTB-DMD-BLK-RCN-COVAL,3288.248188789569,11557.9740561228,8435.042350831422,6916.871717825743,3625.703497759328
SBD-SHIFT-GAM-DMD-RVR,3110.706171826238,5809.240401999583,4583.524883666632,4029.007201881909,3355.2493060452393
XDN-XLM-SNT-BOXX-ANT,2409.352037276745,4735.7842395019925,4595.889551487,4384.2549921483205,3241.00535699548
AEON-XST-FCT-MUE-MFT,4231.577084964277,25487.660415533028,21922.743952709287,37827.9301044562,7438.796268330904
FCT-ABY-BAY-GRC-FTC,3953.6349665451366,15835.098357794188,14142.056782856003,23334.864292695787,7406.361468588577
OCN-CURE-WINGS-BSD-ETC,2807.4131774434913,9292.905450827297,7114.293283048315,5037.926379768305,3083.622027153851
MET-VEE-FLO-CLOAK-IHT,2533.8151505880387,9858.854176633107,6870.886461541511,5572.066988619089,3339.920801838985
EMC-MUSIC-XST-DGB-LOOM,2801.963050665081,8495.915952368881,6739.5327331773,5673.736084055797,3789.230478456319
CANN-MFT-TRX-FLO-BRX,2732.124143829969,10734.501498692422,7758.30368472298,5318.787731698196,3214.218854725021
PPC-TIX-MET-MORE-BAY,2642.2309630606987,7371.719416960859,5112.568168362885,4141.091430682311,2982.153389224985
SWIFT-ARK-PART-GO-PPC,3019.64470595093,10755.461986263022,6271.694473886971,5609.4667092087075,4483.003062333955
XVG-SPC-QWARK-DCT-BRK,2826.6185090297695,1.1571522413036538e+61,23895.596703105533,20366.856840392124,4020.9350139947655
BITB-LBC-USDS-LSK-EXCL,3110.2321621350043,15171.5273971221,5959.1153813410865,4913.8503021403885,3709.938796477604
DOPE-BLT-QRL-2GIVE-ZEN,2418.038223021353,10723.75652181244,7379.3054565413795,5182.599013955595,3077.9468924743896
TUSD-LOOM-2GIVE-DTB-GBYTE,3432.2941834993303,12883.315289104055,10940.997213888411,9514.573742530125,4319.98853901239
GRS-MUSIC-MER-SLR-XEL,2647.595417005008,7032.168134199537,6105.822920547774,4544.398561026168,3291.8878549591773
ZEN-DYN-MCO-GRS-PAY,2755.6274170012944,5523.918058843643,4283.219680868349,3888.209313408695,3099.8710550000847
CANN-REP-WINGS-IOC-EDG,2685.46987670034,5680.954381613075,4697.76089632294,3863.928308453831,3123.1646037201094
EMC-BKX-USDS-BOXX-BRX,2213.629911819598,19185.36568693692,7281.532610629788,6078.82323067259,3807.8661118261293
BFT-GBYTE-IHT-ARDR-DTA,2979.631024900243,6601.837025310497,5550.453760157647,4481.941754312453,3564.555575827066
IGNIS-GNO-CRW-DGB-2GIVE,2673.7060365700336,6568.160740877236,5316.376000117922,4613.155265673382,3176.8198407740324
DYN-DOPE-ZEN-ENJ-IOP,2653.867505591213,7185.436697836712,5391.946147429049,4879.534996106916,3555.170253935025
ZEN-MLN-EDG-SYS-SC,2368.927742493473,5157.617376183251,4337.709925655291,3758.9962485274823,2775.1797700466914
DOPE-XEM-DNT-QWARK-VTC,3346.4261027106604,10521.425601270528,9319.937747072436,9610.556330850795,4445.500676885345
WINGS-BFT-TX-BLOCK-DMT,2837.28024802069,10359.83744648192,7625.917423659352,5155.252225019338,4051.447206743682
SBD-ZCL-BURST-FCT-BTC,4207.003272441319,17478.10193024921,16177.843534221032,29236.307460061427,7300.72509706768
BAY-FTC-NLG-PINK-GNT,3255.988806484964,6225.371601438725,5537.118688860141,5447.359848388388,4223.3186283416335
SLR-MFT-TIX-DNT-ENG,2851.3764773151006,7340.012037253848,5510.7096077850865,4734.925325823733,3198.531342800704
XHV-CLOAK-MCO-BOXX-UKG,2060.597879489773,9119.190431406125,7074.1426983265255,5869.393765317227,7305.095026163778
ETC-MTL-ION-EMC2-BAT,2697.7661391117417,6043.264233112956,5519.304094858298,4335.915160836577,3463.286816134267
SWT-FTC-BCHABC-SHIFT-CURE,3136.460777567393,42691.7719355688,9915.591786881449,8748.268005954338,3756.340321077054
BRK-POLY-ZEC-DTA-BRX,2613.4241796203564,13018.711744296035,8144.008462856275,4887.364286514792,3398.5024572865577
EGC-BTC-EMC-UPP-ANT,2925.7404625834033,9545.084372599671,7586.524305060237,7195.710038520242,4459.5688027472825
EBST-CANN-GOLOS-BLOCK-VTC,2770.6549665292187,4761.961649239801,4530.642291055852,4286.320525728303,3395.207641275821
DCR-ADA-BTC-LTC-RVN,2534.611527594871,3929.578740303236,4241.8480159481205,3734.369675471393,2953.8378885099046
FCT-BLOCK-SEQ-BAT-SRN,3605.579484410213,22443.62139769263,17318.37817644597,27193.29655319294,7609.100194641685
DTA-XHV-PRO-WAX-AMP,2275.911614539145,10575.42128877,6949.251039918251,6718.605493579449,9185.743500657429
MFT-DCT-VIB-POT-PRO,2521.0585011735698,5907.93444139,4954.941206719198,4573.3988118002335,3640.7839295837707
BKX-THC-KORE-PAL-ABY,2901.0947228850787,31513.973278765086,9231.212584928024,7343.0269980661205,4184.129997179225
SYNX-GAM-BLOCK-MFT-FLDC,2442.1694521041936,9419.126573870899,6056.927702329344,4930.3619230769755,3134.366330491069
RCN-SC-ZEC-LTC-MORE,2583.6647404483333,4553.179404575176,3741.803708033901,3397.8374462933193,2820.934936058238
BTC-OMG-CURE-LSK-FLO,3236.2194255743407,8501.610196073576,6765.791940938983,5319.9372688615285,3511.4909744647334
TX-GNO-BOXX-NLC2-FLO,2802.434915940622,23022.643688076532,14100.854678971282,10585.800651091387,5235.9847825868355
MCO-TRX-TUBE-DMT-FCT,4422.956903472947,26434.46584474684,27390.459472005612,46299.021843600465,9911.363407648678
XDN-GEO-GUP-OK-TUSD,3076.5554372980823,7285.54649233447,6079.987901000197,5964.7331767625765,4809.462275678041
DYN-GEO-RADS-GBYTE-ABY,3184.3538035399733,11910.803711762848,6124.862252110737,4643.0246492043325,3902.4277171951867
SRN-DASH-IHT-DTB-AMP,2344.6272829490786,7427.542888737616,6170.871012081869,5898.485020408418,5698.611820234168
GAME-GEO-SYS-DOGE-CRW,2793.944287541404,7621.96721681283,5845.696780058265,4873.2931565779245,3770.5366290790917
SC-ARDR-SYS-IOP-GAM,2566.494934085261,5194.68346214729,4309.160513344436,3708.5036206522664,3034.2842567495286
EDG-STEEM-NEOS-BSD-MEME,2816.611522258779,12539.473482820926,7631.695042257714,5564.932429820053,3395.6625494889918
PTOY-POLY-RLC-XHV-MUE,2571.471982809447,8278.549633753772,5727.484645319447,5461.768674942472,6268.606696156061
QWARK-IOC-DTA-HMQ-ARK,2918.474385943077,11433.24900639544,8358.169358320842,7964.191491486049,4308.455354498489
GRC-XMR-EMC-RVR-REP,2859.852474556217,5905.194834309579,4428.208590334269,3893.5728834707897,3373.180206959873
XNK-ADA-XLM-DMT-PAY,3035.4156687436866,85547.99701833318,13497.62917261366,6302.845632674188,3711.494642145421
KMD-BOXX-PPC-NBT-EBST,2336.235222169704,6386.635819195118,5002.4722560191885,4532.588167807611,3225.9233361406928
THC-MER-BOXX-GNT-NXS,2320.08234663163,6460.218481539699,5291.672508713642,4167.8200050356345,2894.107901606415
RDD-EXP-FCT-ION-PPC,3921.6095394332506,20550.280302405707,17107.022739468157,33401.81173765284,8103.424912499067
UBQ-POLY-MONA-STRAT-MET,2520.839642951678,6116.204176298732,4620.000284996292,3718.8900116920295,2819.2047569311812
MTL-SALT-GAME-GOLOS-POT,3153.654275555772,7948.472702539522,7423.624744214692,6523.516913229161,4649.6212057577795
MANA-EMC2-XRP-GNO-ARK,3034.936579210481,5332.866728924784,4761.604787799997,4454.271811717186,3836.245930220805
NMR-BRX-BCHSV-ANT-SPC,2821.4034530847225,3.3810613671028906e+67,261369.43327208603,50465.25740119383,4631.0488807293905
RCN-SEQ-DTA-STEEM-POWR,2250.412903569328,7895.687081833205,5449.985206470841,3567.731113781654,2424.51784755168
PART-NLG-PIVX-PAX-TKS,3654.0213592416358,12232.812833493084,9773.466100901811,10286.900452490041,3999.826348229728
ADA-XMR-XWC-GBG-IOC,2664.985856542965,5238.875213494432,3625.1117113941377,3181.375490839123,2674.9068922255938
DYN-VEE-TKS-MONA-MER,2549.6751802684216,8024.0028979413855,4975.745047728136,3795.00926259385,2964.4647766251423
USDS-NLG-EMC2-NXS-SC,3140.330186429983,8959.11473302604,5798.82367980709,5489.202220067349,3742.632535037065
SBD-DMT-MONA-GLD-XLM,3472.3879201455597,12532.154588244866,10300.661705311848,11053.271642797348,4997.792687901851
UKG-LSK-BOXX-FLDC-GBYTE,2635.929095525039,8425.804582834455,7354.675830423866,6371.819255533491,4715.123122606786
PAY-RCN-ADX-ETC-HMQ,2612.8481245381217,6496.428227997082,5194.040634500046,3795.373958480248,3229.2309784559307
XEL-WAX-PRO-XDN-XLM,2329.6314015403163,5650.455480264005,4124.674309883503,4057.706703758272,4141.962538215619
PPC-GO-UPP-LOOM-LBC,2526.1926540457976,7826.2238033944095,6384.680722289895,5772.974368002679,4231.887651098343
LOOM-MUE-CRW-STORJ-GNT,2443.66276708685,6281.552168664247,4525.437019616169,3779.279364005511,2885.451587276744
LTC-WAX-LRC-NLG-SNT,2950.12752493614,6956.26529381698,5432.231117413844,5146.534118385745,4809.1558026423545
IGNIS-LUN-DTA-BNT-MANA,2333.153681115623,5737.98652578644,5113.905833695021,5030.777053468226,3920.4870149420367
MANA-SIB-NGC-TIX-DGB,3114.3320631756465,9512.104039382626,5856.215019439754,5069.090573046786,4245.511296544247
EDG-ENG-EBST-POWR-DOPE,2583.878958527279,5490.2667769115915,4684.651104299414,4006.600727211327,3217.83663743318
RADS-WAX-IOP-COVAL-PMA,2879.50002170898,5458292.434870351,17211.908579996263,4767.103130841665,4230.3690791194595
XWC-ENJ-IGNIS-STORJ-XVG,2866.4611885194195,4993.862853205279,4136.552793938601,3893.392117817497,3259.89214020103
POLY-ARK-DOGE-RDD-SBD,3031.208929403217,5266.989367126887,4698.2328446287265,4048.681835042185,4236.121924735056
NLC2-EGC-IHT-DOGE-SLR,3009.924298788178,11346.20023702812,7866.42552520288,7324.9138652562815,4853.838328922043
RDD-TRX-EGC-XNK-OMG,2803.733118556333,90253.63870499784,10737.785022042315,6018.960696937345,3697.0522257863813
RFR-2GIVE-POLY-NXT-MORE,2800.634749806526,7134.350523355741,5283.014002655976,4329.904138012944,3170.1268760619155
SC-ABY-LBC-NXC-QRL,2892.148349115684,8587.16853591952,6681.85491038465,6749.923352992056,3245.934652212593
TUBE-SLS-TIX-TRX-GAME,3202.605166119862,7693.263623935023,5864.053482269815,5261.0783276903885,4267.610338379699
UP-MLN-SLR-WAVES-QTUM,3313.1096495018965,7731.651018771346,6386.910073551137,6599.82589019732,3703.154859673002
GTO-MCO-GNT-UPP-DNT,2596.0788321583623,7847.429792560803,6462.339653632921,5357.495910776528,3328.486223417422
FLDC-MCO-EXP-HMQ-XST,2869.2138056505573,7517.632511902128,5965.523488188261,5135.752129393208,3962.597031903517
POWR-SHIFT-ETH-SEQ-XMR,2605.026643285904,5527.571548420488,4133.226490331855,3201.3882147541335,2751.183852301311
SIB-MEME-TUSD-TKS-OCN,3451.894561501555,16746.628448163283,10464.618491470046,8206.084239934738,4384.096715021061
REP-MORE-ADX-VIB-BAY,2797.8899700908887,6914.09409886622,4860.812837470918,3763.225696723853,3187.3076348224267
DOGE-XRP-ETH-CRW-DASH,2705.9951221371593,4700.457464261847,4209.9725101558315,3805.754794079795,3454.54646895147
BFT-PTOY-ADT-PRO-SYNX,2489.158729451268,10268.270813077728,6157.870892736941,4915.705090886172,3222.800991889309
GRS-ADA-QWARK-VRC-NXC,3223.181393406253,12773.736298851885,8033.36738100482,9818.6120808214,3994.7186518342637
DCR-NGC-GAM-MUSIC-OCN,2409.886434685769,6818.22702601566,5802.949962614389,4029.0584266168185,2834.449692374602
CURE-BCHABC-TIX-VRM-QWARK,3302.1325300617327,16598.701428927612,11784.278445492026,13248.201398612118,3864.384998478025
ANT-DOPE-GNO-MONA-AEON,2863.7103667408396,7247.665025887834,5792.872017165243,4935.72335060925,3339.9493657499047
ETC-THC-RLC-CRW-ZEC,2303.9808586851955,4934.177813761884,3822.9249609124126,3458.382571595156,2848.915889093679
ADA-WINGS-NAV-BITB-BOXX,2213.3702904367415,6172.454431872482,5017.001472059619,3713.110604793279,2926.707918591007
FLDC-BITB-DCR-SPC-LSK,2152.8361786993696,4.142389778485108e+60,10610.872999623769,8324.082458944438,2646.974951155236
BAT-CURE-ION-ENG-DNT,3231.165672821791,8105.015625308881,6391.983259639817,4808.556026048114,4132.800949335597
POLY-MONA-FTC-SALT-QWARK,2824.90159167961,8844.103985369264,6768.2830602863805,7109.432194676302,3887.346380515073
BAT-BCPT-MER-AID-NXT,2595.301417086973,9345.212480878576,8029.046014357447,5773.349459315794,4270.925766573068
DOGE-GNT-PINK-CVC-REP,3147.8861283494225,5362.919357536082,4689.222187552081,4381.251377808823,3729.298983683949
GO-PIVX-OK-ZEC-MER,2511.47789822314,4841.853676097619,4054.4275010524843,3656.8429002838975,3581.3974162958752
GAME-BSD-OCN-FLO-BLOCK,2682.551270641815,12642.756584633902,7911.7211067763465,5175.5975081070665,3175.2544130406804
CURE-ABY-MUE-TKS-BRX,3111.5869645819184,14510.839489225016,7577.191780178876,4820.926291389863,3507.6004480292713
KMD-ADX-BFT-DGB-VRM,2800.9784638141637,5525.638023772053,4380.785498619762,3629.156746055943,3206.5284865462922
PART-VEE-BAT-GTO-BOXX,2693.1338195588532,8480.797990255078,7289.370633074976,6907.288710036913,4409.9823415963865
XNK-BLOCK-VIA-GEO-STEEM,2482.118836681063,90709.2068737124,11960.77866349297,5813.779296368782,3369.4429434794397
XZC-UKG-BOXX-XLM-EDR,2342.4185134730137,8013.404237651013,7383.822756392657,6154.479434829561,3984.6629692136494
EGC-MET-BAY-HYDRO-BNT,2472.9579547867825,5636.024522316282,4561.031953532432,4492.332720941184,3063.8623563646124
MORE-MTL-GNT-NEOS-MONA,2666.370030457388,11775.732660034237,7691.093203518206,4918.375623494576,3235.24220452945
TKS-SEQ-STORJ-DGB-EXP,2695.9574227310463,8801.15601402798,5250.61265471775,3806.792581095791,2908.855267809517
REP-DTA-BCHABC-BURST-WAX,2584.4901820958903,11863.019875167793,8654.37980617027,7702.577906565047,3882.863969926043
EXCL-THC-RFR-MFT-MANA,2832.757364688224,11541.311273404062,6945.558033183159,6084.09615559673,4034.988902285992
RVR-BOXX-PAX-XLM-NMR,2681.4677579427034,9182.630149263972,7791.419789999192,7869.967266900628,3962.4854233320643
BAT-EXCL-XMR-GNO-SNT,3228.5698857994066,9875.244076070627,6530.831402264687,4958.339469709792,3699.5494975020288
EMC2-BCHSV-ABY-MUE-QTUM,2996.010978387664,19573358126.546963,61105.508796416405,11540.688006840892,4595.825570201666
DOPE-NXS-LSK-NBT-BCHSV,2823.1155904713323,24458151139.172714,82723.21163240031,15820.642431554868,5016.006035084385
CLOAK-SYNX-QWARK-DGB-OK,2954.549024196365,14726.870704410609,8374.298454749107,7992.449035423759,3930.4983848445268
XNK-LTC-VEE-NLG-DCT,2880.1622462515784,88023.94011508195,13013.993574267564,6778.855296463786,3766.024094315671
GRC-BLT-HMQ-CURE-LRC,2714.678952137728,10191.400411956774,6357.933192968919,4231.858334944915,3702.77759199264
GBYTE-EBST-ARK-PRO-RLC,2861.8090297549656,6064.168221386153,5145.28470823365,4516.30874765209,3622.3135844506414
ZCL-ZRX-ENJ-BAT-BTC,3007.6727974496553,5580.342505932718,5042.960335762282,4648.469972333251,3973.8882921692016
SYNX-STEEM-BCPT-PRO-VRM,2363.8720055311223,10671.554637597745,7172.0951100641405,5869.339820023511,3324.5115358881303
PMA-WAX-EMC-XEL-UBQ,2808.3922265887877,5903235.249529596,20324.661429439424,5325.776717199398,5007.817526022531
XHV-POWR-EXCL-ETC-RFR,2746.3655970372088,13041.221680188048,7250.08199631506,6403.169120384849,6503.51782088763
LTC-IGNIS-TUBE-BCPT-SIB,2764.5402021575856,10092.001108067696,7162.239103300166,5323.069177074671,3330.5129460249877
EMC2-MUSIC-SWT-PAL-VIB,3092.6513384495424,59809.527802378936,9359.38409330988,6687.987361718143,4350.056854300592
BFT-XMR-CRW-MUE-UBQ,2553.4013428957323,5658.63193801223,4354.349390378473,3593.6455081558292,2994.726592945216
PAX-XVG-GUP-WAX-SLR,2727.001098712847,9837.895180045323,7381.439468589871,6888.4824679384365,4294.2628773103625
BSD-GOLOS-PIVX-NEOS-PMA,3331.2455232542625,6803894.50401271,24069.503155384198,5625.0010141434395,4162.581314406871
CBC-UKG-AEON-QWARK-SLR,3247.556859626596,15839.962747521064,10881.82050094637,9865.1140409701,4909.800970522947
GRS-TKS-PAY-BNT-UBQ,2920.0251811030907,5478.67176618345,4180.3250391444535,3640.4667023013226,3102.540561118261
NEO-KORE-RFR-ADA-BRX,2529.0404763518,13101.824327844526,7810.254463354883,5400.752304409018,2949.700798384906
TX-BTC-STORJ-TRX-STORM,2672.6044444521617,6137.461510578254,4636.2047397323995,3776.2444828319067,3467.887307188126
XMR-CLOAK-REP-GAM-XNK,2582.304534696156,83492.72871667045,9672.995526636882,4789.456197623311,3136.7808067850847
LTC-ZRX-LRC-OK-RADS,2537.258948928124,5418.380650922558,3964.652921567736,3535.371253466102,2976.1217489114756
MORE-XMR-DMT-SBD-BAY,3063.2597511895397,6710.042764537301,5680.294610703192,4672.088569757112,3482.362709053742
GOLOS-BCHSV-EMC2-DOGE-STEEM,3268.408179878312,19820451331.601646,79947.16970719259,16482.60201463104,5590.025911585117
XEL-WAVES-VRC-PART-BKX,3681.405886946978,11591.043280863454,7506.9790372620555,6767.960168472355,4126.324642218877
STEEM-DOGE-BLT-MER-BURST,2742.403005951082,7558.4002822658595,5285.235523949706,4771.054329653574,3399.730909447851
UKG-BTC-MCO-GRS-AEON,2746.8654930375906,6122.541020663742,5081.161296362124,4152.601153640576,4028.229214321106
CANN-LBC-DASH-GNO-STORJ,2726.607004693613,4594.518217062897,4102.330029876915,3959.5181039762183,3144.819456499653
PTOY-QRL-GBYTE-PAL-OK,3375.751714206353,19382.19093168637,7412.473689670777,6819.2467062157775,4461.9671676989565
SYNX-PART-MET-SPHR-GRS,3286.091969352013,17161.128919509873,9264.798188798544,6887.530992035402,3931.057393200437
ZRX-DNT-LSK-TUBE-BTC,2921.216889717575,5738.55565673297,4876.585499156208,3967.506686425247,3329.901496421613
BSD-SYNX-DYN-SRN-GEO,2586.083308523427,15179.565736241704,7476.440790182993,6370.699214111894,6489.206078556356
PAY-BLK-VRC-NGC-MET,3541.285873675788,12445.512850416682,6934.637993233362,4865.141330994602,3634.9098245675236
UP-SHIFT-XWC-SLS-XMR,2899.681284848224,5486.100046570877,4153.776137493849,4465.062005468703,3355.2000309040372
LUN-UBQ-SYNX-DTB-SRN,2348.078402263381,13597.374708190471,8365.294837343463,8397.470832929099,5123.88866685457
SPHR-SHIFT-POWR-MONA-MLN,2866.3019218985673,7259.911328470096,5369.203075043604,4488.147470620854,3243.3128313343427
BURST-NGC-LUN-SYS-FCT,3919.436230858688,18374.346557679757,16304.693419178397,32257.26736339824,7711.522616604356
MER-EDR-KORE-GAM-GBG,2916.5947588574304,22159.49668696737,9855.423985650197,6673.221163576947,3768.1163215642327
CLOAK-XCP-MET-GLD-SPHR,3474.170242868874,21751.50217358255,11302.622813084728,10595.89276688896,4802.477085549128
NBT-NXT-RLC-WAX-PAL,2816.2961622005873,16279.234503546919,5714.136433614233,5531.691492267414,4574.482030433092
IOC-BITB-USDS-STORM-ABY,2589.1703993710234,9359.379791443904,4576.236498511186,3821.9967208555167,3242.408605664277
ENG-SIB-SC-BLOCK-STRAT,2839.6089028373717,6748.5472304948535,4856.11337024889,4163.499802961742,3173.726086306607
AID-RCN-SRN-DCR-SALT,1996.0799872289278,6956.401423559456,6304.963732286207,4953.791979865038,4512.671475847146
NXC-GNT-SBD-DCT-ZEN,2545.652268773464,6335.0458838568,5172.597142414972,5826.69583040102,3051.9807206168653
DASH-POLY-EXCL-AMP-PART,3383.3709396525132,15504.144227632456,7942.464469978937,6507.693377461298,4224.08110446506
VIA-LTC-XVG-SLR-DCT,2614.9210480175634,5316.884447688734,4647.6486979271995,4140.9870777117985,3244.378182219297
ENJ-DTB-SLS-TRX-SYNX,3246.140390151373,13235.869529236668,8504.716756338967,8093.338539901691,3937.24954002729
BAY-USDS-DOPE-BFT-IOC,2633.6114313731805,7551.576893424051,4406.85847189937,3644.8554348317357,3154.9719833421773
RVN-SLR-COVAL-BRK-WAVES,3576.9970201427254,15342.131567203694,11971.215449839123,8528.364642268449,4173.984553647039
ADT-LOOM-MORE-MANA-VTC,2630.7789422497117,7386.255688825535,5638.814317942205,4777.331699109536,3981.7880721869383
SNT-BRX-GNT-XRP-EGC,2653.833930781181,6860.976761941472,5197.376011041289,5074.7111266050315,3392.681944776784
GNT-GRC-SYS-IGNIS-SEQ,2526.7633075844883,6141.514602517189,4620.926399909917,3516.8978218134503,2821.7892569245696
NXT-SNT-NXC-PIVX-LOOM,2551.3427577648667,6092.221441600337,4855.942625972653,5447.637849617924,2736.6475450478392
XDN-GO-SBD-BRX-ENJ,2717.5467470772587,7311.351131728975,5704.097160448046,4947.371898257135,4363.2316460540505
ZEC-VEE-QRL-SWIFT-BOXX,2349.2324583377344,9126.768935318409,5794.221100992701,5168.98161069254,3361.344573278113
OMG-MORE-SWIFT-XWC-PINK,3032.2350494571397,9970.720510590538,5054.082864370253,4354.585320486621,3331.319275826251
ZCL-ADT-RCN-VRM-LRC,2383.220000366683,6697.098327820542,5029.432115959679,3722.6376413704293,2757.13345060097
NXC-UP-WINGS-STORM-KORE,2608.755540565222,17565.788326534086,10636.449303631616,9379.741709893997,3252.3304128232094
USDS-RDD-BITB-QRL-SYS,2637.6101768201984,9653.667752528665,5256.8728301927285,4331.642937488598,3080.7955123294114
SPC-PAL-RVN-VEE-XWC,2586.81224797202,1.1874274878473369e+61,17950.979663589842,17688.718867288,3552.545514732483
PART-DOPE-FLO-UP-EMC,3150.319457277236,17123.1906874607,11356.77457951892,9438.516201764176,4497.031974156635
DGB-OMG-GLD-BURST-BLOCK,3230.7095008078772,8871.74672504239,7620.355030207248,9218.365407455982,4396.866571762768
OMG-IOC-GLD-XEM-POT,3591.031854122465,11321.51867523796,8369.983484993332,10128.801478849502,4777.515670582778
BRX-STEEM-XMY-IOP-NEO,2468.970641369232,7006.673639253555,4912.025011304088,4035.007712918689,2835.443782197303
RLC-VIB-EXP-MORE-EDG,2810.6541050245323,8365.96482467368,5139.335735088867,3866.695580469767,3078.677537014389
TKS-SLR-BCHSV-ABY-IOP,3082.1372983330257,27400754966.727943,87740.9126476811,14630.58864140752,5093.1261248388955
RVR-POLY-GAM-NGC-ETC,2788.3042041112794,5976.205294774222,4236.290596051616,3634.5007332985815,3182.532356712053
SPC-BAT-UBQ-BITB-GLD,3037.323493589065,1.1251902539160641e+61,24857.21267782324,26261.236483807144,5207.634332042177
SHIFT-DOPE-CURE-OMG-NXS,3083.1399301085053,8450.250687775213,6435.369493420614,5230.904063859869,3570.757854431111
BITB-ZCL-FLDC-PTOY-PAL,2762.5482550528777,17179.385442837553,7526.752080838197,6157.035518762838,3920.831409559072
FLDC-RVN-PAX-ENJ-NLC2,2804.9138699595533,12736.67290483921,11254.306182582512,12332.086206158889,4371.484893358977
PRO-XVG-DOPE-LTC-CANN,2500.911266731323,4928.986785025739,4600.7047299419155,4450.66462834994,3609.487038403297
XVG-PMA-LSK-NXS-MANA,3024.9770767091522,3851646.8694760655,15374.418620948783,4764.91275077155,4218.45576831437
DTB-RADS-EMC-PTOY-XDN,2692.716005171898,13235.70367275358,7544.026458877739,6843.482492480627,3652.976742476901
COVAL-DTA-LTC-XST-XNK,2879.0993624649586,109361.13675214592,13394.650165651095,6376.396158159616,3495.645701371777
XRP-NEOS-ENG-GOLOS-EMC,3114.5173037962795,10390.277956312055,7535.686757505767,5500.383765608859,4064.793505412716
GBYTE-MEME-GLD-RLC-GEO,3872.6518135973297,18251.46975395143,11784.59720722785,11851.661556661787,6124.443474786538
ION-AEON-WAVES-NXC-POLY,3523.6050049540986,11264.108716372557,8314.727562328895,9938.645532095828,4255.894877820798
ADA-BAT-ADX-PAL-NMR,3256.334093138699,17365.35449555055,7806.279863853385,6115.150882467591,4682.064448569421
MCO-GRS-GBYTE-EBST-CANN,2964.27536452012,5315.575409052033,4488.435169357884,4007.593247851848,3360.5992069926424
PPC-STORM-CRW-CVC-GUP,2264.292501340449,5778.186799777279,4418.823443027644,3848.458409906576,2890.6900662113308
DTB-MFT-NXC-NXT-SEQ,2578.9336938313945,12684.619383375672,8436.451851280786,7203.395037781271,2913.199713636179
BITB-XZC-VIA-NMR-COVAL,2742.143258431382,6317.829250223131,4914.108551522444,4269.22779507251,3345.502189442193
GRC-SYS-BURST-REP-TIX,3074.893574747181,5210.4228804811655,4724.177821966198,4450.1718745913,3487.7286644482697
SPC-XNK-SBD-ETC-LTC,2433.5801553496553,5.14981982794186e+61,22686.556940178736,10424.821382597776,2700.034224575882
NXS-RVR-CANN-TUSD-BRX,2934.3681970287926,10034.736119225976,8094.749614377375,6405.407943166538,3929.0862564762688
HYDRO-UBQ-EDG-EMC2-CLOAK,2612.98783559731,5745.610415247329,4211.8370420859965,3816.9010917854853,2928.319377203079
OCN-BAT-RVR-WAVES-STEEM,3294.900643334315,9286.233118612296,9673.485501433017,8107.3057806529605,3993.982081170985
PAY-NEOS-NEO-BURST-IHT,3004.604873694351,7662.391340473374,6458.559488414042,5009.402616007397,3611.297699261133
MONA-RFR-EDR-IOC-XST,2915.1001456900776,8943.208517283967,7002.169886809406,5431.214988234742,3344.213599226342
XEL-ENG-TUSD-DGB-2GIVE,2941.575585153289,6775.429075947848,6096.570292368055,5326.928964935397,3589.056909547165
MEME-ADX-DOPE-MORE-GRC,3150.858665502349,9918.872916053497,6722.911788094161,5166.2402893234275,4077.3323852559092
EGC-LRC-HMQ-2GIVE-XST,2856.6324906973687,10181.41519160282,7831.342413350001,6744.110191685171,4721.121405557871
ANT-MTL-UP-TKS-THC,2639.770505084197,8077.280778437054,6135.474136976169,5490.013812288063,3693.50464945981
ETC-PMA-GNT-NLG-RADS,3326.220809545388,4179417.469372768,16997.240510626758,5681.508090899599,3938.378543993353
BSD-BRX-CANN-PMA-WAX,2767.6157131265545,7102706.111825625,22141.549074642222,5448.496526071659,4753.488953176913
VTC-SPC-2GIVE-ABY-EMC,2433.8527417986083,6.915094748221517e+60,15518.131425237825,10613.166183732848,3094.5572981675627
OCN-SRN-EDR-WAX-GEO,2428.4039318493437,12675.55237980405,8280.409549800444,7519.467790315095,5933.508000859845
GNO-KORE-EDR-POLY-STRAT,3162.0293983910638,15122.242072497129,9110.85876006413,6264.377587249594,4191.220447909552
LUN-ETC-SALT-SPC-CVC,2088.195884393617,4.345125694487856e+60,11071.664079286355,9485.922590225373,2788.701765945001
ION-OK-BAT-BKX-BLOCK,2546.2703415284577,5605.708056171412,4621.894364113181,4267.659423674384,3716.6740779375987
MEME-ZEN-ZRX-EMC2-SALT,2617.6069791341483,5743.251079980148,4556.916492927353,4147.3018097689865,3147.53809129717
ENJ-GO-XMY-EDR-VIB,2947.891336827617,8111.166340307165,6044.523250525679,5010.623072407387,4654.529705099505
UBQ-STORJ-MUE-REP-QWARK,3138.7768895434365,8490.335843551755,6810.242037473762,7278.415466591319,4216.7546776352865
RCN-EXCL-BRX-VRC-PAL,3161.1019938668214,48632.210980309355,10356.342825845348,7564.487844751078,4059.099146032149
GLD-RDD-POT-AEON-UP,3358.5517891733634,13955.82944626209,9286.52138877846,11556.383194713542,5310.735710632566
ZEC-NXS-LBC-CRW-EXP,2668.8694497951237,6267.049494192578,4586.972368996848,3978.743365088508,3190.8412928979064
NAV-POT-SLS-TUSD-TRX,3590.396071102524,6554.735991978469,5882.019447262013,6035.641190063581,4461.075422530372
PIVX-LUN-PAL-ENJ-XVG,2970.0457566926448,12068.018579848369,5817.29157293476,5841.811082975871,3876.8386513285454
MUE-MONA-SBD-UKG-GUP,2504.443308953072,6478.3998800691625,5508.199930192249,5043.917699236941,4311.761861072551
EBST-CURE-DGB-STRAT-LUN,2892.955295258374,6022.7172213018075,5499.9677300211915,4916.385866809845,3419.340740717987
XMY-DCT-BRK-GUP-EDR,2774.013590939016,9977.356205468885,7758.8923003554655,5804.686784847697,3999.455280509159
BRK-SBD-DMD-FCT-NEO,4195.67080767532,24862.22391459671,21065.432439281656,28423.55797843957,6161.167157470794
MCO-TX-GEO-ENG-GRS,2798.029368056155,8151.062676932721,5218.753742261382,4109.268877838942,3913.0207190338783
NEO-DGB-LSK-NGC-SEQ,2557.5785100218914,5435.809569380491,4002.926102437789,3131.5305672040304,2675.9357206182585
NXS-BFT-LBC-XZC-ARDR,2782.773719621011,4639.6630932194175,4084.055832632869,3644.905418290355,3085.2639801881737
THC-FTC-SYNX-SBD-EMC2,2693.84927437197,7590.518808742769,5167.6418702076535,4819.210251488935,3384.483934143243
PIVX-QRL-XCP-ZEC-RCN,2772.0701646653847,6561.96268525723,4834.723252001002,4014.703378293891,2986.5321687917512
RCN-MLN-GOLOS-PRO-VIA,2623.6710232447376,5243.107737471378,4677.385085646704,4583.564122105247,3594.3151010546962
GAM-KORE-SWIFT-EMC-LRC,2702.684963317924,25774.292898450996,9492.147572596541,6466.488610392147,3884.6746558834056
XRP-FTC-XCP-BRX-MFT,2742.268216219976,8704.182036303147,6062.183703945518,4636.939708172223,3234.7276923759955
SPC-XEL-BNT-XCP-XHV,2192.7100032028093,5.465860727339056e+60,15272.109653739873,11807.244641935533,4830.49016573262
DCR-RVN-LBC-PPC-REP,2675.662405735789,5405.928088203888,5322.410591894412,4293.956220663204,3135.306067856744
GNT-MCO-NXS-LOOM-UKG,2431.903696583184,6705.397904007354,5571.606663731202,3974.7669052135307,3842.872303973213
ENG-HMQ-SBD-SC-THC,2489.7008717231365,5085.531016156476,4469.5374329774895,4127.76674878916,3386.34280161109
TKS-RDD-IHT-XCP-USDS,2992.8138183138244,12891.043775243425,5421.465374087951,4413.699432994379,3560.2037082008264
STORM-SEQ-BCPT-RCN-ION,2134.629352284649,7986.278262018643,5946.3487177308425,4105.581645199888,2948.5221554879145
SIB-PTOY-THC-MET-NXC,2764.1229130789106,14413.823207408726,7919.4561779123,7650.481178449279,3519.9848859089348
PMA-NEO-THC-ZCL-PTOY,2748.7203670819017,3758955.153857596,14525.117823417891,5125.62628475656,3716.03187017242
IOP-BLK-LTC-EGC-STORJ,3301.0410963495033,8955.390671011579,6619.112045477943,5666.0593076794075,4354.7997117005825
BAT-UKG-NBT-WAX-DMT,2982.956431781279,13065.783649031,8709.666003737855,6124.82700779526,5302.033639071706
GUP-MCO-BLT-DYN-HMQ,2178.209022272639,8443.103919611682,5351.575683699369,3851.6710439425647,2983.8249149353437
DMT-CURE-ANT-RVN-MUE,3519.8839408570343,12688.834219110437,10628.672307405384,7811.245050702266,5189.140088418502
DMD-TUSD-CURE-VIA-KORE,3705.469139288208,17568.86280054255,11165.399071386133,7681.748624249296,4651.20016262942
VEE-MFT-VRM-RVR-EGC,2686.5137691642663,6137.201556538194,4809.2264677872945,4493.044197227635,3352.997018758156
DMD-EDG-TKS-WINGS-NXC,2952.1846361608928,10656.35393303494,7029.420974444961,6677.365763564025,3396.7389811917246
VIA-DGB-AMP-WAVES-GEO,3439.3804521617876,8364.554866461722,6878.012589978485,6183.179942215587,4313.831529187235
SC-ETC-EXCL-PTOY-EGC,3066.9735124880485,12078.60371498184,6604.635034617158,5894.3589868109475,3763.9603828745344
QWARK-GRS-IGNIS-VIA-THC,2862.33809562276,7016.25713263193,5952.138213115062,6359.984326315241,3662.607995324645
OK-SC-TIX-HMQ-MUSIC,2533.644636201453,6305.445266108292,5657.249250849662,4441.27430677825,3359.4521962796343
BLT-EDG-MLN-PAY-BAT,2759.1749195466527,7687.597908957609,5246.558099028859,4390.082234250404,3854.591812808751
EMC2-ZEN-WAX-USDS-NMR,2787.302340723019,12355.9289631148,5265.920057693503,4345.0685795773325,3427.190671218001
UBQ-NEO-XCP-BTC-XST,3210.5585542849603,6437.416787304454,5508.908138196291,4722.43493684007,3335.113099789249
ETH-XCP-PART-RDD-BLT,3033.8412787054,9260.491201318757,6251.618607893859,5189.607281847431,3614.1159693166105
NAV-TUSD-GNO-DCR-KMD,3132.5162895185,5845.230975723114,5635.251715322682,5823.3677324426635,3688.490286645013
ZEC-DTB-EMC2-XMR-GLD,3157.6379806312075,12332.22137536792,9932.878951650486,12516.16933635698,4306.666061619779
DASH-MLN-STORM-BOXX-GRC,2284.925853094602,5478.562990151635,4600.135607645796,4057.40216453938,2947.742484966814
TIX-LRC-EXCL-GNT-CURE,3348.106237802641,15318.684423805184,7977.893378693965,6200.027240967696,4093.9250198213012
PAL-XHV-WINGS-NEOS-BTC,2845.587684675664,23598.29085673153,9199.95906376282,7218.498467709484,6644.976490607328
KORE-LBC-BAY-XHV-EMC,2632.6114961479348,16613.387280361647,9512.94540411276,7159.377657767795,7279.164602188822
ZCL-DOPE-ETC-DYN-LOOM,2444.792738247016,7382.209100920055,5368.550564684546,4991.346924068797,3348.361595728713
MUSIC-XZC-MANA-ION-VEE,2517.7847170193604,5294.70868945503,5269.546172041939,4293.5736117696415,3808.8594014199775
STEEM-SIB-POLY-KMD-NBT,2786.567849939945,8625.405248742658,5655.741874062409,4613.461110241838,3635.7051906533934
KMD-MFT-DASH-BRK-DYN,2665.365418421411,8225.601836689246,6290.673139914452,4477.3861723369,2913.274404205589
PAL-NXC-SHIFT-ABY-PMA,3453.4582555858083,13286407.180892864,29486.531368120555,9572.097774727708,4280.545349680773
DASH-XST-LUN-SYNX-IOP,2773.7905646010586,10573.066113175417,6887.935822051983,6403.297267202146,3774.4223891917536
MONA-MTL-DMD-ZEC-DGB,2614.839902555394,5215.5554025688625,4789.0292873176,3761.5226849025407,3084.104431576809
PAX-BLK-XST-MLN-DNT,3739.958188508279,15367.802449095278,11546.702577003203,8989.373245993873,4216.93155884362
GNT-MORE-ANT-DTA-WAVES,3525.9883444200195,9873.18121527279,7686.588981529293,6826.566073117439,3853.615397157199
RVN-PAL-SALT-ARK-GNO,3010.671100862858,15878.0191094075,8274.015199423979,7272.927861868998,4639.600294642414
ADA-OCN-FLDC-SYS-ETH,2217.0413668997794,4782.763249467458,4313.705733735032,3488.2232233564864,2646.250292077595
SALT-DMD-RCN-PRO-ANT,2550.973571387605,5496.068820831618,4866.942051320118,4826.070710122593,3433.3037857388763
EBST-UP-RDD-OK-UKG,2381.2776024069517,6713.464444095781,5563.082000883009,4762.060283809398,4367.3873631794395
IGNIS-DOGE-ZEC-GNT-BCHSV,2943.092250241861,15216714636.947525,63499.07439329546,12517.800014292518,5253.383224326998
CANN-GRC-TRX-QWARK-LOOM,3140.7764479583507,7086.812272668514,6168.469114980168,7244.773524626303,4121.800623419311
SYNX-MUE-SPC-GAME-BRK,2684.952303544251,1.4052051733364847e+61,23657.74166133839,14467.481492481947,3331.350875916425
BLOCK-TUSD-NLC2-UPP-BURST,3209.704926658233,12289.209698591765,10837.105565891992,10508.378180021733,4912.226979092108
XEL-PPC-BCHABC-MORE-CURE,2701.813239112513,11587.996749981534,8629.429142225481,7317.3717904998,3128.534679498047
MUE-GEO-ADA-IGNIS-LSK,2727.8380089398443,5229.31697607622,4303.715555935256,4023.2493657946693,3439.741016587241
ZEC-DTB-GTO-BITB-EXP,2540.9216173124555,8146.092070825879,6428.315155967724,6085.09229426045,3601.5679210547587
BAT-GAME-MET-GUP-2GIVE,2589.743067025376,7624.942388272058,5813.07490795304,4913.302873340323,3917.1507703544494
LBC-EGC-XMY-VIA-QWARK,3330.8730375202385,8591.320961365429,6857.57942010305,8093.168776277863,4630.64398096159
SEQ-XRP-XLM-DMT-SIB,3186.701924453844,12630.05624848245,8054.043201499818,5123.594058800138,3972.2244685017513
PTOY-STORM-ZEC-EBST-KORE,2604.94773664711,10776.070823418982,6610.333223944443,5065.384672257882,3382.494161807273
BFT-ARK-BCPT-SNT-LRC,2361.4065938478493,5530.7328053964075,4968.6625980815525,3818.870031004161,2864.544291938242
GRS-CBC-LTC-SPC-NXC,2692.652050512896,6.465749947561237e+60,15860.778638424665,14094.670865177783,3036.5962238976476
VRM-PART-FLO-DASH-STRAT,3367.7501947764067,10010.302424479898,7659.5355622616125,6896.331457695293,3685.5962889617495
XDN-SHIFT-UKG-NGC-GBG,2803.764484658805,9611.97380171905,6012.819052509541,4895.024325730761,4111.7331884778005
TUSD-QRL-VEE-GAM-BRK,3209.745839448115,13222.540374753606,9807.00009319894,6814.735052088745,3667.0774708963017
XVG-LTC-SYS-TIX-RCN,2616.692753137337,5003.780624389461,4268.456430147085,3699.939460162259,2917.1468745264715
BNT-PAY-SNT-LSK-NGC,2776.9808094785326,4228.834027109956,3685.7385099783264,3339.7445492944253,2859.206338096579
AEON-IOP-DCR-LOOM-ARK,2515.557165949013,5700.809627377169,4573.412418769072,3733.187439275282,3048.026401179224
XMY-MORE-GNT-ION-BAT,3005.620548526972,6136.201847497055,4787.431051169978,4160.476587885562,3631.1623510239215
GNT-BRK-THC-BFT-GOLOS,2979.492533074145,7533.408197486121,6332.236345077572,4770.869507667158,3422.0324984454687
BLT-EGC-TUSD-DTA-OMG,2855.276390488105,11321.626699581042,8079.915408667866,7364.235039999623,4474.3984672752895
HYDRO-DCT-TX-XNK-DTB,2548.481007994592,182654.81679372507,18312.223979261642,7015.778813760186,3481.359837048597
BRK-XMY-DMT-LRC-AMP,3172.672145315165,12749.863373648106,9686.173055467036,5454.8092900385245,3755.1635876661817
PTOY-LBC-USDS-WAX-RLC,2780.7813575187047,9622.04129492501,4641.550661561097,4153.666619711715,3827.8577711026533
LTC-BKX-EBST-BRX-XMY,2551.6134248441244,6782.918233818827,4886.144690884103,3992.5444497821527,2851.532402723469
TX-NXT-SLR-DASH-MUE,2744.6464097524586,8188.611141642683,5806.416154388915,4283.613339043471,3371.0237019223023
XNK-KMD-STEEM-POT-SWT,3032.278042065505,366086.1540114688,15651.472536596504,7214.645127913097,3716.7755213276473
ZCL-TKS-EDR-ION-MLN,2658.937144265048,9541.97751393314,6532.339359138787,5214.2837476540035,3587.4168325086034
ADT-LTC-BCHSV-TX-IOP,2790.823399866435,26721982957.461456,90164.50225041671,14153.485020131724,6295.183845316524
IHT-DYN-LRC-TRX-NXT,2666.159417164509,5856.523745816796,4578.704630818148,3894.065714171121,3418.7606288728443
OK-MEME-ZRX-BOXX-DNT,2740.960724831417,7627.548456875641,5831.716153026526,4932.255972187728,3450.7825535765
GO-LUN-RVR-BCHABC-MCO,2163.2617930099304,7713.987660091818,6574.4020735919075,6055.414583740952,3668.606524013069
BKX-ADA-MLN-GNO-RADS,2602.1285607322657,6540.5360130609115,4442.309998710654,3765.8497618401984,2873.608101614401
2GIVE-DGB-BURST-QWARK-FLO,3460.4743761798622,14685.553441441785,11757.442637712205,10557.01042639754,4532.901495812295
HYDRO-LRC-WAX-BCHABC-VTC,2272.172455420043,9616.04552370658,6253.594813076393,5674.035617759738,3668.5141751532033
EDG-POWR-FLDC-QRL-WAVES,3412.1735054202936,8514.578927132317,6954.147347017696,6346.816587801961,3728.326140397564
STEEM-DMT-CANN-DOGE-ADX,3015.5834002339507,8875.283087643176,7207.814275132033,5236.022729416356,3404.728108825204
KORE-SWT-VIA-XEL-PRO,2735.339274974131,47142.82516046414,9003.708684601064,5554.2280525425695,3591.6693863079445
MUE-BRK-MLN-GRS-VIA,2830.113155806301,8765.549200061741,6488.040906733584,4614.120748178462,3360.6774902008174
PART-TX-ADT-GTO-BITB,2781.638036011347,12416.134217743833,7650.233995101713,5902.540927859284,4192.087561779487
ARDR-HYDRO-ETC-POT-DASH,2837.4994576596973,3945.402488714573,3759.5221148873766,3556.094526029624,3012.914444898286
DTA-GRS-GAME-MONA-ADX,2639.440162415962,7906.837701730006,5632.022233120789,3784.877462126074,3009.8540425929723
WAX-NLC2-CURE-SNT-GRC,3126.8958535890424,11828.026095493617,7397.355138857902,6438.924528294352,4515.042336597766
THC-PAL-POWR-COVAL-MORE,2857.627523004001,13031.040963431922,5493.312614129326,5214.4551427151,3501.7884388000653
DCT-MONA-MANA-SNT-PAX,2453.7994390951435,6583.62978500501,5865.373415349868,5978.472509762553,3489.3536431871235
DMT-SALT-GNO-IHT-BURST,3232.030423038913,7973.457539094353,7514.459723793999,6181.136597649163,4034.1715559667073
NGC-MTL-LRC-BCHABC-SYNX,2363.235868521601,17717.188239405976,11336.504879602566,8887.015968218773,3371.468736938694
LBC-DASH-BSD-PIVX-MET,2532.081879528813,5954.565618782134,4304.004658845206,3473.537423356208,2728.8551397402866
BAT-GUP-SRN-OMG-PTOY,2348.663222518079,5388.512490507871,4393.321602156837,4909.788688010304,4894.773147239308
PTOY-VIB-DCR-FTC-QRL,2621.072398566001,7152.324783918588,5120.57395960846,4141.58651582468,3094.1083419634583
CLOAK-ENJ-VRM-IOP-BOXX,2552.064271965953,6510.116658765506,4901.50583144224,4451.394924880215,3420.1768647595177
WAX-BCPT-FTC-MCO-PAL,2757.569231653579,17603.621102728415,6677.123903039359,6423.354605104058,5347.822395065045
FLO-CURE-UBQ-GAME-QWARK,3677.038366583031,18939.181490454688,13674.886170960202,11885.03443465072,5362.306221324527
DOGE-PAY-SALT-FTC-OMG,2822.386040490368,4845.493765639303,4239.549688585974,3652.4574892824176,3286.740419975806
XCP-NGC-AMP-RCN-BSD,2847.070325034808,8647.606161167394,5342.401258602249,3903.3617599317877,3170.7455113949
STORJ-GLD-XMR-CANN-NGC,3125.8297791388454,10181.429558869775,7183.859240813651,8487.659516237094,4657.848990675579
OK-SRN-NEOS-ENJ-XDN,2661.692271054585,8556.658707927927,6586.986354045659,5770.602793188807,6050.59115787409
TX-OMG-VTC-HYDRO-IGNIS,2508.6758183287493,6281.131781571067,4591.591663892415,3776.861248209774,3168.8980162912953
ZEC-SWIFT-BTC-HMQ-DGB,2551.3767557584256,5723.047910131416,4233.8986070848105,3871.562895298051,3516.733927586136
NXS-GAM-RADS-STORJ-CLOAK,2511.487117462209,7933.450314104854,4866.410108176973,4018.042215859249,2926.895527443797
LBC-ZRX-TRX-GRS-PPC,2977.2923876124187,4665.589733643386,4136.6731868994575,3829.3188588916064,3273.0607050045937
POT-GLD-SYS-QTUM-XMR,3296.047968661087,9193.400158226194,7408.124262607779,9453.286576069024,4669.833256884098
SBD-PTOY-EXP-PAX-GNT,2917.2189793394805,7748.757709864109,6153.401742421728,6282.974685576722,3313.17880955301
BCHSV-SBD-XEM-SPHR-NEO,3384.823055720107,21446383960.710487,88746.96310540402,15510.023941249749,4923.0116884817
MONA-GO-SC-VIB-QWARK,2753.390639480042,8689.570554658127,6720.958140151233,6462.062542590354,4459.964642150526
ADA-TIX-HYDRO-COVAL-RVN,2649.237287381112,5664.24445813609,5185.772227499925,4678.53765759568,3156.472804580746
EDG-MUSIC-TUSD-UBQ-RADS,3053.188044094845,8753.627115952753,7142.880450866899,6013.255100729408,3890.5610381919
OMG-XEM-UKG-CBC-XZC,2879.024548928924,6546.965956072505,6234.87360348527,5260.963477749629,3956.8451293862067
FLDC-SLR-SEQ-MUE-XVG,2718.438734449192,9123.495436529023,5820.174745458921,4165.355948230103,3069.4937705990537
ETC-DGB-XDN-MANA-NXT,2643.703134838061,4129.884847943966,3827.5615447294617,3811.2348234643873,3526.146057022411
CRW-QWARK-MLN-SRN-ION,2587.0588329301763,9436.48273486707,7062.34997783934,7625.587211992114,6407.398207453343
GAM-AMP-QTUM-EDR-XRP,2784.874900709559,6860.022111955052,5733.940431731015,4828.769324635992,3541.544260438245
DCR-FCT-STORM-GUP-MUE,3567.251443143337,16333.620806197461,14932.936867908735,29895.484529196183,7723.761616464478
BCHABC-SC-NBT-THC-SLR,2280.0277989464644,7737.3732633541385,6294.760325349848,5994.0566038483985,2731.969135920838
